seed,condition,angle_deg,initial_global_energy,initial_local_energy,nonlinear_auc,analytic_linear_auc,nonlinear_increment_auc
0,coherent,0.0,1.0,0.7031881563369599,1.4204069170152154,1.3011169994492595,0.11928991756595586
0,coherent,5.0,1.0,0.70318815633696,1.4200625045568394,1.3008183010686867,0.11924420348815268
0,coherent,10.0,1.0,0.7031881563369599,1.4190280265155844,1.2999211227589536,0.1191069037566308
0,coherent,15.0,1.0,0.7031881563369599,1.4172997445124846,1.2984222006545894,0.11887754385789528
0,coherent,20.0,1.0,0.7031881563369599,1.4148713728541285,1.2963160466997716,0.11855532615435682
0,coherent,25.0,1.0,0.70318815633696,1.4117339943080143,1.2935948747778396,0.11813911953017464
0,coherent,30.0,1.0,0.7031881563369599,1.4078759388415567,1.290248494317073,0.11762744452448382
0,coherent,35.0,1.0,0.7031881563369599,1.4032826217791243,1.2862641682171185,0.1170184535620058
0,coherent,40.0,1.0,0.7031881563369599,1.3979363365169433,1.281626430765856,0.11630990575108724
0,coherent,45.0,1.0,0.7031881563369599,1.3918159953630587,1.2763168598077586,0.11549913555530011
0,coherent,50.0,1.0,0.7031881563369599,1.3848968101418102,1.2703137956931645,0.11458301444864571
0,coherent,55.0,1.0,0.7031881563369599,1.3771499017913864,1.2635919973659924,0.11355790442539404
0,coherent,60.0,1.0,0.7031881563369601,1.3685418251173196,1.2561222231771405,0.11241960194017908
0,coherent,65.0,1.0,0.7031881563369597,1.3590339909092204,1.2478707204249337,0.11116327048428665
0,coherent,70.0,1.0,0.7031881563369599,1.3485819624566995,1.23879860292017,0.1097833595365294
0,coherent,75.0,0.9999999999999999,0.7031881563369599,1.3371345966547366,1.2288610896241132,0.10827350703062333
0,coherent,80.0,1.0,0.70318815633696,1.3246329907142234,1.218006569000777,0.10662642171344627
0,coherent,85.0,1.0,0.7031881563369597,1.311009183043469,1.2061754422695934,0.10483374077387553
0,coherent,90.0,1.0,0.7031881563369599,1.296184539750523,1.193298682926597,0.10288585682392593
0,shuffled,0.0,1.0,0.7031881563369599,0.6517147022736983,0.6204882924897515,0.031226409783946862
0,shuffled,5.0,1.0,0.7031881563369597,0.6514503027088056,0.6201621939649758,0.0312881087438297
0,shuffled,10.0,1.0,0.70318815633696,0.6533048660208071,0.6217254494122045,0.03157941660860253
0,shuffled,15.0,1.0,0.7031881563369599,0.6533117171477066,0.6214357481982,0.03187596894950662
0,shuffled,20.0,1.0,0.7031881563369599,0.6573620399634573,0.6249424950863436,0.03241954487711374
0,shuffled,25.0,1.0,0.70318815633696,0.6599994913192093,0.6271670226687552,0.03283246865045408
0,shuffled,30.0,1.0,0.7031881563369597,0.6612378581111682,0.6281253536172781,0.03311250449389014
0,shuffled,35.0,1.0,0.70318815633696,0.6599074056063613,0.6267692623263598,0.03313814328000153
0,shuffled,40.0,1.0,0.7031881563369599,0.6555241205118889,0.6226567993155646,0.032867321196324295
0,shuffled,45.0,1.0,0.7031881563369599,0.6494240198765183,0.6169753851250986,0.03244863475141968
0,shuffled,50.0,1.0,0.7031881563369599,0.6430372916872211,0.6110293413601231,0.03200795032709802
0,shuffled,55.0,1.0,0.7031881563369597,0.6374051038055244,0.6057785599590152,0.0316265438465092
0,shuffled,60.0,1.0,0.70318815633696,0.6335031337785134,0.6020805723291422,0.03142256144937117
0,shuffled,65.0,1.0,0.7031881563369599,0.6316492344347417,0.6002045538650321,0.031444680569709615
0,shuffled,70.0,1.0,0.70318815633696,0.6283352982494397,0.5970841535031813,0.03125114474625834
0,shuffled,75.0,1.0,0.7031881563369597,0.6204788586330459,0.5899720271818714,0.0305068314511745
0,shuffled,80.0,1.0,0.7031881563369599,0.6137104598594914,0.5837846276299608,0.029925832229530602
0,shuffled,85.0,1.0,0.7031881563369599,0.6111186434521881,0.581226457540888,0.029892185911300162
0,shuffled,90.0,1.0,0.7031881563369599,0.6030771529327246,0.5739681255316398,0.029109027401084786
0,separated,0.0,1.0,0.7028308388024926,1.2513933389608216,1.193452224057347,0.05794111490347453
0,separated,5.0,1.0,0.7028308388024928,1.2513933389606156,1.1934522240571486,0.057941114903466984
0,separated,10.0,1.0,0.7028308388024928,1.2513933389599994,1.1934522240565533,0.05794111490344611
0,separated,15.0,1.0,0.7028308388024928,1.2513933389589773,1.1934522240555665,0.057941114903410806
0,separated,20.0,1.0,0.7028308388024926,1.251393338957557,1.1934522240541954,0.057941114903361735
0,separated,25.0,1.0,0.7028308388024928,1.2513933389557488,1.193452224052449,0.057941114903299784
0,separated,30.0,1.0,0.7028308388024928,1.251393338953566,1.193452224050342,0.05794111490322407
0,separated,35.0,1.0,0.7028308388024928,1.2513933389510246,1.1934522240478882,0.05794111490313636
0,separated,40.0,1.0,0.7028308388024928,1.251393338948143,1.1934522240451064,0.05794111490303666
0,separated,45.0,1.0,0.7028308388024928,1.251393338944943,1.1934522240420167,0.057941114902926305
0,separated,50.0,1.0,0.7028308388024928,1.2513933389414478,1.193452224038642,0.057941114902805735
0,separated,55.0,1.0,0.7028308388024928,1.2513933389376832,1.1934522240350072,0.05794111490267606
0,separated,60.0,1.0,0.7028308388024928,1.2513933389336769,1.1934522240311392,0.05794111490253773
0,separated,65.0,1.0,0.7028308388024928,1.2513933389294583,1.1934522240270662,0.057941114902392066
0,separated,70.0,1.0,0.7028308388024926,1.2513933389250589,1.1934522240228185,0.05794111490224041
0,separated,75.0,1.0,0.7028308388024928,1.2513933389205105,1.1934522240184273,0.0579411149020832
0,separated,80.0,1.0,0.7028308388024928,1.2513933389158474,1.1934522240139256,0.057941114901921775
0,separated,85.0,1.0,0.7028308388024928,1.2513933389111045,1.193452224009346,0.05794111490175857
0,separated,90.0,1.0,0.7028308388024926,1.2513933389063163,1.193452224004723,0.05794111490159337
1,coherent,0.0,1.0,0.7030218202784625,1.4202281854506407,1.3010287889303793,0.11919939652026135
1,coherent,5.0,1.0000000000000002,0.7030218202784624,1.419883829069997,1.300730117087598,0.1191537119823991
1,coherent,10.0,1.0000000000000002,0.7030218202784624,1.4188495208145917,1.2998330196070567,0.11901650120753504
1,coherent,15.0,1.0,0.7030218202784624,1.4171215269899489,1.2983342362929213,0.11878729069702754
1,coherent,20.0,1.0,0.7030218202784625,1.4146935697987815,1.296228285279578,0.11846528451920357
1,coherent,25.0,1.0,0.7030218202784625,1.4115567432500586,1.2935073892731026,0.11804935397695604
1,coherent,30.0,1.0000000000000002,0.7030218202784624,1.407699392086588,1.2901613693151588,0.11753802277142911
1,coherent,35.0,1.0000000000000002,0.7030218202784625,1.403106950186676,1.2861775029149094,0.11692944727176657
1,coherent,40.0,1.0,0.7030218202784625,1.3977617335807597,1.2815403422199803,0.11622139136077947
1,coherent,45.0,1.0000000000000002,0.7030218202784624,1.391642681650949,1.2762314864885302,0.11541119516241882
1,coherent,50.0,1.0000000000000002,0.7030218202784624,1.3847250381525888,1.2702293013921586,0.11449573676043023
1,coherent,55.0,1.0,0.7030218202784625,1.3769799612843432,1.2635085755061264,0.1134713857782168
1,coherent,60.0,1.0,0.7030218202784624,1.3683740489643288,1.25604010157058,0.1123339473937488
1,coherent,65.0,1.0000000000000002,0.7030218202784624,1.3588687615089385,1.247790166516369,0.11107859499256945
1,coherent,70.0,1.0000000000000002,0.7030218202784625,1.348419718730782,1.2387199295380649,0.10969978919271717
1,coherent,75.0,1.0000000000000002,0.7030218202784625,1.3369758416116768,1.228784661235544,0.10819118037613284
1,coherent,80.0,1.0,0.7030218202784625,1.324478299507518,1.217932808418172,0.10654549108934597
1,coherent,85.0,1.0000000000000002,0.7030218202784625,1.310859211350442,1.2061048376758443,0.10475437367459772
1,coherent,90.0,1.0,0.7030218202784625,1.296040032127848,1.1932317949442162,0.10280823718363186
1,shuffled,0.0,1.0,0.7030218202784625,0.6221998413411838,0.5932078967107351,0.02899194463044863
1,shuffled,5.0,1.0000000000000002,0.7030218202784625,0.6152316683021735,0.5867850513158361,0.028446616986337325
1,shuffled,10.0,1.0,0.7030218202784625,0.607188039880775,0.5793969392821606,0.027791100598614338
1,shuffled,15.0,1.0,0.7030218202784624,0.5981815578081764,0.5711456479060812,0.027035909902095145
1,shuffled,20.0,1.0,0.7030218202784624,0.5881487283398007,0.5618556778972882,0.02629305044251251
1,shuffled,25.0,1.0000000000000002,0.7030218202784625,0.580630345567152,0.5549069186584975,0.02572342690865448
1,shuffled,30.0,1.0,0.7030218202784625,0.5922878790747607,0.5652339110545864,0.027053968020174235
1,shuffled,35.0,1.0000000000000002,0.7030218202784625,0.5994466363301544,0.5714768389677563,0.02796979736239813
1,shuffled,40.0,1.0000000000000002,0.7030218202784625,0.6016159381718381,0.5733049015190157,0.02831103665282242
1,shuffled,45.0,1.0,0.7030218202784625,0.5996709941610665,0.5715109224806079,0.028160071680458643
1,shuffled,50.0,1.0000000000000002,0.7030218202784625,0.5971185913826879,0.5691451120302149,0.027973479352472963
1,shuffled,55.0,1.0,0.7030218202784625,0.5946421545305601,0.5668442924960153,0.027797862034544818
1,shuffled,60.0,1.0000000000000002,0.7030218202784625,0.591452684002401,0.5638757086614413,0.02757697534095971
1,shuffled,65.0,1.0000000000000002,0.7030218202784625,0.587705741323384,0.5603866478591775,0.02731909346420658
1,shuffled,70.0,1.0,0.7030218202784625,0.5844580650980454,0.5573486240628868,0.027109441035158666
1,shuffled,75.0,1.0000000000000002,0.7030218202784625,0.5825552013307932,0.5555343604534071,0.0270208408773861
1,shuffled,80.0,1.0,0.7030218202784625,0.5814739111594079,0.5544561276892529,0.027017783470155043
1,shuffled,85.0,1.0,0.7030218202784625,0.5807638007278568,0.5536963685086671,0.027067432219189724
1,shuffled,90.0,1.0,0.7030218202784624,0.5925665648086272,0.5640054450150286,0.028561119793598655
1,separated,0.0,1.0,0.7030705718905895,1.2511785241790752,1.1932413029541937,0.05793722122488143
1,separated,5.0,1.0,0.7030705718905896,1.2511785241788693,1.1932413029539952,0.0579372212248741
1,separated,10.0,1.0,0.7030705718905895,1.2511785241782536,1.1932413029534006,0.05793722122485301
1,separated,15.0,1.0,0.7030705718905894,1.2511785241772322,1.1932413029524147,0.05793722122481748
1,separated,20.0,1.0,0.7030705718905895,1.2511785241758127,1.1932413029510438,0.05793722122476885
1,separated,25.0,1.0,0.7030705718905896,1.2511785241740054,1.193241302949299,0.05793722122470646
1,separated,30.0,1.0,0.7030705718905896,1.2511785241718238,1.1932413029471929,0.057937221224630964
1,separated,35.0,1.0,0.7030705718905895,1.2511785241692839,1.1932413029447406,0.057937221224543256
1,separated,40.0,1.0,0.7030705718905895,1.2511785241664046,1.1932413029419604,0.057937221224444224
1,separated,45.0,1.0,0.7030705718905895,1.2511785241632065,1.1932413029388726,0.05793722122433387
1,separated,50.0,1.0,0.7030705718905894,1.2511785241597135,1.1932413029355002,0.0579372212242133
1,separated,55.0,1.0,0.7030705718905895,1.251178524155951,1.1932413029318676,0.0579372212240834
1,separated,60.0,1.0,0.7030705718905895,1.2511785241519469,1.1932413029280018,0.05793722122394507
1,separated,65.0,1.0,0.7030705718905896,1.2511785241477307,1.193241302923931,0.05793722122379963
1,separated,70.0,1.0,0.7030705718905895,1.2511785241433337,1.1932413029196864,0.057937221223647306
1,separated,75.0,1.0,0.7030705718905894,1.2511785241387885,1.193241302915298,0.05793722122349054
1,separated,80.0,1.0,0.7030705718905896,1.251178524134128,1.1932413029107982,0.05793722122332978
1,separated,85.0,1.0,0.7030705718905896,1.251178524129388,1.1932413029062214,0.05793722122316658
1,separated,90.0,1.0,0.7030705718905895,1.2511785241246027,1.1932413029016018,0.057937221223000934
2,coherent,0.0,1.0000000000000002,0.7030167211858375,1.4203222375289326,1.3010393311605257,0.11928290636840688
2,coherent,5.0,1.0000000000000002,0.7030167211858375,1.4199781524622774,1.3007409015042437,0.11923725095803372
2,coherent,10.0,1.0000000000000002,0.7030167211858376,1.4189446591614636,1.2998445316445457,0.1191001275169179
2,coherent,15.0,1.0000000000000002,0.7030167211858375,1.4172180269484504,1.2983469645557546,0.11887106239269585
2,coherent,20.0,1.0000000000000002,0.7030167211858375,1.4147919829801823,1.2962427236083003,0.11854925937188199
2,coherent,25.0,1.0000000000000002,0.7030167211858376,1.4116576280418731,1.2935240387341878,0.11813358930768536
2,coherent,30.0,1.0000000000000002,0.7030167211858375,1.4078033152999467,1.2901807400747596,0.11762257522518715
2,coherent,35.0,1.0000000000000002,0.7030167211858376,1.403214488456479,1.2862001159456846,0.11701437251079438
2,coherent,40.0,1.0000000000000002,0.7030167211858376,1.397873474426763,1.2815667307750818,0.11630674365168114
2,coherent,45.0,1.0000000000000002,0.7030167211858376,1.3917592240815106,1.276262197256095,0.11549702682541563
2,coherent,50.0,1.0000000000000002,0.7030167211858375,1.3848469926574618,1.2702648952156232,0.11458209744183856
2,coherent,55.0,1.0000000000000002,0.7030167211858376,1.3771079490159648,1.2635496275183327,0.11355832149763212
2,coherent,60.0,1.0000000000000002,0.7030167211858376,1.368508699845529,1.2560872005402672,0.11242149930526169
2,coherent,65.0,1.0000000000000002,0.7030167211858374,1.3590107109249292,1.2478439131410417,0.1111667977838875
2,coherent,70.0,1.0000000000000002,0.7030167211858375,1.3485696023604936,1.238780933333691,0.10978866902680262
2,coherent,75.0,1.0000000000000002,0.7030167211858376,1.3371342878235977,1.2288535355672874,0.10828075225631029
2,coherent,80.0,1.0000000000000002,0.7030167211858375,1.324645918584824,1.2180101630843732,0.1066357555004509
2,coherent,85.0,1.0000000000000002,0.7030167211858375,1.3110365806190858,1.2061912682991434,0.10484531231994243
2,coherent,90.0,1.0000000000000002,0.7030167211858376,1.2962276758455453,1.1933278682440365,0.10289980760150885
2,shuffled,0.0,1.0000000000000002,0.7030167211858376,0.6239397923545732,0.5940863481650438,0.0298534441895294
2,shuffled,5.0,1.0000000000000002,0.7030167211858375,0.620379533906329,0.5908123381032091,0.02956719580311995
2,shuffled,10.0,1.0000000000000002,0.7030167211858375,0.6228959205103285,0.5929860877599752,0.029909832750353305
2,shuffled,15.0,1.0000000000000002,0.7030167211858375,0.6136015904350581,0.5846079738884394,0.028993616546618695
2,shuffled,20.0,1.0000000000000002,0.7030167211858375,0.6179136775502704,0.5885946134472705,0.029319064102999892
2,shuffled,25.0,1.0000000000000002,0.7030167211858374,0.6164536904921769,0.5873685284644385,0.029085162027738365
2,shuffled,30.0,1.0000000000000002,0.7030167211858375,0.6109180054591192,0.5824852138759254,0.028432791583193784
2,shuffled,35.0,1.0000000000000002,0.7030167211858375,0.6033930116072899,0.5757928266362787,0.027600184971011132
2,shuffled,40.0,1.0000000000000002,0.7030167211858377,0.5955969878767284,0.5688858199668297,0.026711167909898692
2,shuffled,45.0,1.0000000000000002,0.7030167211858375,0.5884250554322491,0.5624696056236425,0.025955449808606645
2,shuffled,50.0,1.0000000000000002,0.7030167211858375,0.5946732733740404,0.5680809582055875,0.02659231516845295
2,shuffled,55.0,1.0000000000000002,0.7030167211858375,0.5975958910930174,0.5706388731326344,0.026957017960382967
2,shuffled,60.0,1.0000000000000002,0.7030167211858374,0.604002244269233,0.5761928925322214,0.0278093517370116
2,shuffled,65.0,1.0000000000000002,0.7030167211858375,0.5896602161654794,0.5634092769945486,0.026250939170930798
2,shuffled,70.0,1.0000000000000002,0.7030167211858375,0.5860643916259811,0.5601746292878307,0.025889762338150435
2,shuffled,75.0,1.0000000000000002,0.7030167211858374,0.5840448229397986,0.5583765053523774,0.025668317587421274
2,shuffled,80.0,1.0000000000000002,0.7030167211858376,0.579114073054525,0.5539144013398826,0.025199671714642435
2,shuffled,85.0,1.0000000000000002,0.7030167211858375,0.573399528708352,0.5487267369918964,0.024672791716455533
2,shuffled,90.0,1.0000000000000002,0.7030167211858375,0.5670398781068969,0.5429042913695586,0.024135586737338288
2,separated,0.0,1.0,0.7032570992328427,1.2511988250136905,1.1932374429142876,0.057961382099402936
2,separated,5.0,1.0,0.7032570992328427,1.2511988250134847,1.193237442914089,0.05796138209939561
2,separated,10.0,1.0,0.7032570992328427,1.2511988250128687,1.1932374429134949,0.05796138209937385
2,separated,15.0,1.0,0.7032570992328427,1.2511988250118478,1.1932374429125088,0.05796138209933899
2,separated,20.0,1.0,0.7032570992328426,1.2511988250104287,1.1932374429111383,0.05796138209929036
2,separated,25.0,1.0,0.7032570992328426,1.251198825008622,1.1932374429093942,0.05796138209922774
2,separated,30.0,1.0,0.7032570992328427,1.2511988250064405,1.193237442907288,0.05796138209915247
2,separated,35.0,1.0,0.7032570992328426,1.251198825003901,1.1932374429048362,0.05796138209906476
2,separated,40.0,1.0,0.7032570992328426,1.251198825001022,1.1932374429020565,0.05796138209896551
2,separated,45.0,1.0,0.7032570992328427,1.2511988249978245,1.1932374428989694,0.05796138209885515
2,separated,50.0,1.0,0.7032570992328426,1.2511988249943318,1.1932374428955976,0.05796138209873414
2,separated,55.0,1.0,0.7032570992328426,1.2511988249905701,1.1932374428919659,0.05796138209860424
2,separated,60.0,1.0,0.7032570992328426,1.2511988249865666,1.1932374428881005,0.05796138209846613
2,separated,65.0,1.0,0.7032570992328426,1.2511988249823514,1.1932374428840307,0.05796138209832069
2,separated,70.0,1.0,0.7032570992328426,1.2511988249779553,1.1932374428797863,0.057961382098169034
2,separated,75.0,1.0,0.7032570992328427,1.2511988249734103,1.1932374428753982,0.05796138209801205
2,separated,80.0,1.0,0.7032570992328427,1.2511988249687511,1.1932374428708998,0.05796138209785129
2,separated,85.0,1.0,0.7032570992328427,1.2511988249640114,1.1932374428663242,0.0579613820976872
2,separated,90.0,1.0,0.7032570992328427,1.251198824959227,1.1932374428617045,0.05796138209752244
3,coherent,0.0,1.0,0.7030743017340509,1.420403140930938,1.3011554303263726,0.1192477106045653
3,coherent,5.0,1.0,0.7030743017340509,1.420058780865787,1.3008567700787264,0.11920201078706061
3,coherent,10.0,1.0,0.7030743017340509,1.4190244594223285,1.299959705683474,0.1190647537388545
3,coherent,15.0,1.0,0.7030743017340509,1.417296436427591,1.2984609717811857,0.11883546464640538
3,coherent,20.0,1.0,0.7030743017340509,1.4148684230344526,1.2963550776870791,0.11851334534737346
3,coherent,25.0,1.0,0.7030743017340509,1.4117314972425767,1.2936342333042565,0.11809726393832021
3,coherent,30.0,1.0,0.7030743017340509,1.407873982263027,1.29028824241083,0.11758573985219711
3,coherent,35.0,1.0,0.7030743017340509,1.403281284161609,1.2863043601483806,0.11697692401322834
3,coherent,40.0,1.0,0.7030743017340509,1.3979356838942072,1.281667110358264,0.11626857353594322
3,coherent,45.0,1.0,0.7030743017340509,1.3918160772662518,1.2763580569958937,0.11545802027035812
3,coherent,50.0,1.0,0.7030743017340509,1.384897654410366,1.2703555221122715,0.1145421322980944
3,coherent,55.0,1.0,0.7030743017340509,1.3771515079529868,1.2636342407088172,0.11351726724416955
3,coherent,60.0,1.0,0.7030743017340509,1.368544155959946,1.2561649399873898,0.11237921597255629
3,coherent,65.0,1.0,0.7030743017340509,1.3590369617773503,1.247913826914578,0.11112313486277237
3,coherent,70.0,1.0,0.7030743017340509,1.3485854276912563,1.238841963294937,0.10974346439631932
3,coherent,75.0,1.0,0.7030743017340509,1.3371383324589348,1.2289045012740771,0.10823383118485763
3,coherent,80.0,1.0,0.7030743017340509,1.3246366735622017,1.218049743756888,0.1065869298053137
3,coherent,85.0,1.0,0.7030743017340509,1.3110123625544905,1.206217982739101,0.10479437981538942
3,coherent,90.0,1.0,0.7030743017340509,1.2961866047326513,1.193340052700346,0.10284655203230542
3,shuffled,0.0,1.0,0.7030743017340509,0.5688699114431885,0.5441294470967071,0.024740464346481472
3,shuffled,5.0,1.0,0.7030743017340509,0.5620362794519815,0.5379774871751211,0.024058792276860475
3,shuffled,10.0,1.0,0.7030743017340509,0.5590809615589848,0.5353176441246794,0.023763317434305375
3,shuffled,15.0,1.0,0.7030743017340509,0.5610705906346736,0.5371620263635987,0.023908564271074906
3,shuffled,20.0,1.0,0.7030743017340509,0.5665183998292757,0.5421504169772955,0.024367982851980163
3,shuffled,25.0,1.0,0.7030743017340509,0.5657070121786382,0.5415044326276162,0.024202579551022008
3,shuffled,30.0,1.0,0.7030743017340509,0.5631191430228757,0.5393437939932987,0.02377534902957701
3,shuffled,35.0,1.0,0.7030743017340509,0.5638615230544938,0.5401079912685107,0.02375353178598305
3,shuffled,40.0,1.0,0.703074301734051,0.5681705534756663,0.5440783843402783,0.02409216913538792
3,shuffled,45.0,1.0,0.7030743017340509,0.5793163051376686,0.554127868964401,0.025188436173267603
3,shuffled,50.0,1.0,0.7030743017340509,0.5710517398106736,0.5469297413420279,0.02412199846864571
3,shuffled,55.0,1.0,0.7030743017340509,0.5713302264691645,0.5472160912837128,0.02411413518545169
3,shuffled,60.0,1.0,0.7030743017340508,0.5743583769173928,0.5499920201188541,0.024366356798538713
3,shuffled,65.0,1.0,0.7030743017340509,0.5750892416931018,0.5507028767294654,0.024386364963636442
3,shuffled,70.0,1.0,0.7030743017340509,0.5740073397763954,0.549823285024297,0.024184054752098394
3,shuffled,75.0,1.0,0.7030743017340509,0.56966947064378,0.5458857301382368,0.023783740505543216
3,shuffled,80.0,1.0,0.7030743017340509,0.5720736327283279,0.5482084102824102,0.02386522244591771
3,shuffled,85.0,1.0,0.7030743017340509,0.5699843739681871,0.546314752139036,0.02366962182915111
3,shuffled,90.0,1.0,0.7030743017340509,0.5712981748598589,0.5475740585059281,0.02372411635393079
3,separated,0.0,0.9999999999999999,0.7029535733251167,1.251256052049177,1.1933182460414382,0.05793780600773868
3,separated,5.0,1.0,0.7029535733251165,1.251256052048971,1.1933182460412393,0.057937806007731796
3,separated,10.0,1.0,0.7029535733251168,1.2512560520483547,1.1933182460406442,0.05793780600771048
3,separated,15.0,1.0,0.7029535733251167,1.2512560520473328,1.1933182460396579,0.05793780600767495
3,separated,20.0,1.0,0.7029535733251167,1.251256052045913,1.1933182460382867,0.057937806007626325
3,separated,25.0,1.0,0.7029535733251167,1.2512560520441054,1.1933182460365415,0.05793780600756393
3,separated,30.0,1.0,0.7029535733251167,1.251256052041923,1.1933182460344343,0.05793780600748866
3,separated,35.0,0.9999999999999999,0.7029535733251165,1.2512560520393825,1.1933182460319816,0.05793780600740095
3,separated,40.0,1.0,0.7029535733251167,1.2512560520365015,1.1933182460292002,0.05793780600730125
3,separated,45.0,1.0,0.7029535733251167,1.251256052033302,1.1933182460261114,0.05793780600719067
3,separated,50.0,0.9999999999999999,0.7029535733251167,1.2512560520298077,1.1933182460227374,0.057937806007070325
3,separated,55.0,0.9999999999999999,0.7029535733251167,1.2512560520260436,1.1933182460191036,0.057937806006939985
3,separated,60.0,1.0,0.7029535733251167,1.2512560520220384,1.1933182460152363,0.057937806006802095
3,separated,65.0,1.0,0.7029535733251167,1.2512560520178209,1.1933182460111642,0.057937806006656656
3,separated,70.0,1.0,0.7029535733251165,1.2512560520134226,1.1933182460069176,0.057937806006505
3,separated,75.0,1.0,0.7029535733251167,1.2512560520088751,1.1933182460025276,0.05793780600634757
3,separated,80.0,1.0,0.7029535733251167,1.2512560520042135,1.1933182459980265,0.05793780600618703
3,separated,85.0,0.9999999999999999,0.7029535733251165,1.2512560519994713,1.1933182459934484,0.05793780600602294
3,separated,90.0,0.9999999999999999,0.7029535733251167,1.2512560519946843,1.193318245988826,0.05793780600585818
4,coherent,0.0,0.9999999999999999,0.7031033495068539,1.4203879550755234,1.3011097419915627,0.1192782130839607
4,coherent,5.0,1.0,0.7031033495068539,1.4200437574538682,1.3008112199784727,0.11923253747539553
4,coherent,10.0,1.0,0.7031033495068539,1.4190099254156252,1.2999145720599892,0.11909535335563604
4,coherent,15.0,1.0,0.7031033495068539,1.4172827250704694,1.2984165382469612,0.11886618682350814
4,coherent,20.0,0.9999999999999999,0.7031033495068539,1.414855878239415,1.2963116369770056,0.11854424126240937
4,coherent,25.0,1.0,0.7031033495068539,1.4117204782792112,1.2935920912927255,0.11812838698648576
4,coherent,30.0,1.0,0.7031033495068539,1.4078648688878872,1.2902477225143103,0.1176171463735769
4,coherent,35.0,1.0,0.7031033495068539,1.403274482343457,1.286265808249316,0.11700867409414117
4,coherent,40.0,1.0,0.7031033495068539,1.39793163231215,1.28163090040708,0.11630073190506995
4,coherent,45.0,1.0,0.7031033495068539,1.3918152547884746,1.276324597475467,0.11549065731300767
4,coherent,50.0,0.9999999999999999,0.7031033495068539,1.3849005887997292,1.2703252635845763,0.1145753252151529
4,coherent,55.0,1.0,0.7031033495068539,1.3771587860940262,1.263607684708184,0.11355110138584212
4,coherent,60.0,0.9999999999999999,0.7031033495068539,1.3685564359614109,1.256142649580517,0.11241378638089383
4,coherent,65.0,0.9999999999999999,0.7031033495068539,1.3590549873765387,1.2478964393158802,0.1111585480606585
4,coherent,70.0,0.9999999999999999,0.7031033495068539,1.3486100454716572,1.2388302050082176,0.10977984046343958
4,coherent,75.0,0.9999999999999999,0.7031033495068539,1.337170512489555,1.2288992063279394,0.10827130616161562
4,coherent,80.0,0.9999999999999999,0.7031033495068539,1.324677534169744,1.2180518757086114,0.1066256584611327
4,coherent,85.0,0.9999999999999999,0.703103349506854,1.3110632000339935,1.2062286612303563,0.10483453880363713
4,coherent,90.0,0.9999999999999999,0.7031033495068539,1.296248928857224,1.1933605854353595,0.10288834342186459
4,shuffled,0.0,0.9999999999999999,0.7031033495068539,0.6283555106823412,0.598920547357134,0.02943496332520723
4,shuffled,5.0,1.0,0.7031033495068539,0.6287925771808406,0.5993498344078269,0.02944274277301373
4,shuffled,10.0,1.0,0.7031033495068539,0.6297437309546683,0.6002400634257795,0.029503667528888777
4,shuffled,15.0,0.9999999999999999,0.7031033495068539,0.6311144326008749,0.60151238417511,0.02960204842576486
4,shuffled,20.0,0.9999999999999999,0.7031033495068539,0.6313442835732596,0.6017377788282258,0.02960650474503379
4,shuffled,25.0,1.0,0.7031033495068539,0.6412496830126514,0.6106090286824387,0.03064065433021268
4,shuffled,30.0,1.0,0.7031033495068539,0.6415569591225901,0.6109451614241428,0.03061179769844735
4,shuffled,35.0,1.0,0.7031033495068539,0.6407683558054682,0.610264500510883,0.030503855294585214
4,shuffled,40.0,1.0,0.703103349506854,0.6401626971945753,0.6097171994546317,0.03044549773994365
4,shuffled,45.0,1.0,0.7031033495068539,0.6424128795384313,0.6117309591158149,0.030681920422616416
4,shuffled,50.0,0.9999999999999999,0.7031033495068539,0.6459887763083272,0.6149288049080959,0.031059971400231312
4,shuffled,55.0,1.0,0.7031033495068539,0.6485598727743818,0.6172036951922014,0.031356177582180345
4,shuffled,60.0,1.0,0.7031033495068539,0.6496937429587906,0.6181636882481012,0.03153005471068937
4,shuffled,65.0,1.0,0.703103349506854,0.6495253149017084,0.6179254504611367,0.03159986444057172
4,shuffled,70.0,1.0,0.7031033495068539,0.6483623570853558,0.6167582272491146,0.03160412983624128
4,shuffled,75.0,1.0,0.7031033495068539,0.6466106710813334,0.6150182452800279,0.0315924258013055
4,shuffled,80.0,0.9999999999999999,0.7031033495068539,0.6428140665478579,0.6114080724783398,0.03140599406951805
4,shuffled,85.0,1.0,0.7031033495068539,0.6338520552191085,0.6032004009428552,0.03065165427625327
4,shuffled,90.0,0.9999999999999999,0.7031033495068539,0.6241903414759421,0.5943627742596189,0.02982756721632318
4,separated,0.0,1.0,0.7030408698066317,1.2512280867914676,1.193276478071057,0.05795160872041061
4,separated,5.0,0.9999999999999998,0.7030408698066317,1.251228086791262,1.1932764780708582,0.057951608720403724
4,separated,10.0,1.0,0.7030408698066317,1.251228086790646,1.1932764780702634,0.05795160872038263
4,separated,15.0,1.0,0.7030408698066317,1.2512280867896244,1.1932764780692773,0.0579516087203471
4,separated,20.0,1.0,0.7030408698066317,1.2512280867882044,1.1932764780679068,0.05795160872029759
4,separated,25.0,1.0,0.7030408698066317,1.2512280867863974,1.1932764780661618,0.05795160872023564
4,separated,30.0,1.0,0.7030408698066317,1.2512280867842156,1.1932764780640552,0.057951608720160364
4,separated,35.0,0.9999999999999998,0.7030408698066317,1.2512280867816752,1.1932764780616028,0.057951608720072434
4,separated,40.0,1.0,0.7030408698066317,1.2512280867787955,1.1932764780588223,0.05795160871997318
4,separated,45.0,1.0,0.7030408698066317,1.2512280867755972,1.1932764780557341,0.057951608719863046
4,separated,50.0,1.0,0.7030408698066317,1.2512280867721035,1.1932764780523613,0.057951608719742254
4,separated,55.0,1.0,0.7030408698066316,1.251228086768341,1.1932764780487286,0.05795160871961236
4,separated,60.0,1.0,0.7030408698066317,1.2512280867643364,1.1932764780448621,0.057951608719474246
4,separated,65.0,1.0,0.7030408698066317,1.25122808676012,1.1932764780407916,0.05795160871932836
4,separated,70.0,1.0,0.7030408698066317,1.2512280867557224,1.193276478036546,0.057951608719176484
4,separated,75.0,1.0,0.7030408698066317,1.2512280867511765,1.193276478032157,0.0579516087190195
4,separated,80.0,1.0,0.7030408698066317,1.251228086746516,1.193276478027657,0.05795160871885896
4,separated,85.0,1.0,0.7030408698066317,1.2512280867417753,1.1932764780230798,0.057951608718695535
4,separated,90.0,1.0,0.7030408698066317,1.2512280867369894,1.1932764780184595,0.05795160871852989
5,coherent,0.0,1.0000000000000002,0.7031971663349484,1.4201259793131846,1.300876268979997,0.11924971033318754
5,coherent,5.0,1.0000000000000002,0.7031971663349484,1.4197816627144506,1.3005776464749355,0.11920401623951515
5,coherent,10.0,1.0000000000000002,0.7031971663349483,1.418747474403621,1.2996806976335535,0.1190667767700675
5,coherent,15.0,1.0000000000000002,0.7031971663349483,1.4170196824755703,1.2981821641344466,0.11883751834112366
5,coherent,20.0,1.0,0.7031971663349484,1.4145920120900335,1.2960765672231247,0.11851544486690879
5,coherent,25.0,1.0000000000000002,0.7031971663349486,1.4114555613381663,1.2933561339303044,0.11809942740786195
5,coherent,30.0,1.0000000000000002,0.7031971663349484,1.4075986801009905,1.290010690795528,0.11758798930546255
5,coherent,35.0,1.0,0.7031971663349484,1.40300680834489,1.2860275219331876,0.11697928641170252
5,coherent,40.0,1.0000000000000002,0.7031971663349484,1.3976622689806393,1.2813911871000947,0.11627108188054458
5,coherent,45.0,1.0000000000000002,0.7031971663349484,1.3915440088346052,1.276083294010653,0.11546071482395215
5,coherent,50.0,1.0000000000000002,0.7031971663349483,1.3846272793462375,1.2700822174083854,0.11454506193785208
5,coherent,55.0,1.0,0.7031971663349484,1.3768832461865879,1.2633627552234163,0.11352049096317152
5,coherent,60.0,1.0000000000000002,0.7031971663349483,1.3682785139162879,1.255895709366059,0.11238280455022887
5,coherent,65.0,1.0000000000000002,0.7031971663349484,1.3587745478330173,1.2476473751094992,0.11112717272351813
5,coherent,70.0,1.0,0.7031971663349483,1.3483269699723135,1.2385789182973916,0.10974805167492185
5,coherent,75.0,1.0,0.7031971663349484,1.336884699363622,1.2286456133479084,0.10823908601571364
5,coherent,80.0,1.0000000000000002,0.7031971663349484,1.32438889745336,1.21779590660339,0.10659299084996987
5,coherent,85.0,1.0000000000000002,0.7031971663349484,1.3107716671456133,1.2059702581066423,0.10480140903897106
5,coherent,90.0,1.0000000000000002,0.7031971663349484,1.2959544367962845,1.1930996990626745,0.10285473773360998
5,shuffled,0.0,1.0000000000000002,0.7031971663349486,0.5804335412424472,0.555319618274238,0.025113922968209135
5,shuffled,5.0,1.0000000000000002,0.7031971663349486,0.604438046174565,0.577483055381153,0.026954990793412015
5,shuffled,10.0,1.0000000000000002,0.7031971663349483,0.6108343462392654,0.5834100624395393,0.027424283799726057
5,shuffled,15.0,1.0000000000000002,0.7031971663349483,0.6186842238471429,0.590624495437343,0.028059728409799978
5,shuffled,20.0,1.0,0.7031971663349484,0.6238540763015518,0.5953990368348222,0.02845503946672956
5,shuffled,25.0,1.0,0.7031971663349484,0.6284236234315028,0.5997036933995735,0.028719930031929297
5,shuffled,30.0,1.0000000000000002,0.7031971663349484,0.6382556133719638,0.6086045080932264,0.029651105278737377
5,shuffled,35.0,1.0000000000000002,0.7031971663349484,0.644753629830197,0.6144671493557293,0.030286480474467692
5,shuffled,40.0,1.0000000000000002,0.7031971663349483,0.6487417882716964,0.6180829997051965,0.03065878856649984
5,shuffled,45.0,1.0,0.7031971663349483,0.6501343703256731,0.6193481494020464,0.030786220923626706
5,shuffled,50.0,1.0000000000000002,0.7031971663349486,0.6561943378509345,0.6248606781705925,0.03133365968034196
5,shuffled,55.0,1.0000000000000002,0.7031971663349484,0.6595334365335891,0.6278706133106685,0.03166282322292058
5,shuffled,60.0,1.0000000000000002,0.7031971663349483,0.664532485886625,0.6323563075770595,0.03217617830956543
5,shuffled,65.0,1.0000000000000002,0.7031971663349484,0.6687508260950527,0.6361452958398733,0.032605530255179316
5,shuffled,70.0,1.0000000000000002,0.7031971663349484,0.6697475359118797,0.6370831016684129,0.03266443424346688
5,shuffled,75.0,1.0000000000000002,0.7031971663349482,0.6680255242455021,0.635650373155007,0.03237515109049505
5,shuffled,80.0,1.0000000000000002,0.7031971663349486,0.6676417617705802,0.6353809450233067,0.032260816747273546
5,shuffled,85.0,1.0000000000000002,0.7031971663349484,0.6687144946003871,0.6363889342116986,0.0323255603886885
5,shuffled,90.0,1.0000000000000002,0.7031971663349484,0.6700477664635736,0.6376156201033603,0.0324321463602133
5,separated,0.0,1.0,0.7031202499020403,1.2512200283766803,1.1932760800711526,0.05794394830552774
5,separated,5.0,1.0,0.7031202499020403,1.2512200283764747,1.193276080070954,0.05794394830552063
5,separated,10.0,1.0,0.7031202499020403,1.2512200283758588,1.1932760800703592,0.05794394830549954
5,separated,15.0,1.0,0.7031202499020403,1.2512200283748376,1.1932760800693734,0.05794394830546423
5,separated,20.0,1.0,0.7031202499020403,1.2512200283734178,1.193276080068003,0.05794394830541494
5,separated,25.0,1.0,0.7031202499020403,1.251220028371611,1.193276080066258,0.05794394830535299
5,separated,30.0,1.0,0.7031202499020404,1.251220028369429,1.1932760800641518,0.05794394830527727
5,separated,35.0,1.0,0.7031202499020403,1.2512200283668895,1.1932760800616997,0.057943948305189785
5,separated,40.0,1.0,0.7031202499020403,1.2512200283640098,1.1932760800589195,0.05794394830509031
5,separated,45.0,1.0,0.7031202499020403,1.2512200283608121,1.1932760800558315,0.05794394830498062
5,separated,50.0,1.0,0.7031202499020403,1.2512200283573187,1.1932760800524593,0.05794394830485938
5,separated,55.0,1.0,0.7031202499020403,1.2512200283535564,1.1932760800488267,0.05794394830472971
5,separated,60.0,1.0,0.7031202499020403,1.2512200283495525,1.1932760800449609,0.0579439483045916
5,separated,65.0,1.0,0.7031202499020403,1.2512200283453365,1.1932760800408906,0.057943948304445936
5,separated,70.0,1.0,0.7031202499020403,1.2512200283409394,1.1932760800366455,0.057943948304293835
5,separated,75.0,1.0,0.7031202499020403,1.2512200283363943,1.193276080032257,0.057943948304137294
5,separated,80.0,1.0,0.7031202499020403,1.2512200283317338,1.193276080027758,0.05794394830397587
5,separated,85.0,1.0,0.7031202499020403,1.2512200283269939,1.1932760800231812,0.057943948303812665
5,separated,90.0,1.0,0.7031202499020403,1.251220028322209,1.1932760800185613,0.057943948303647685
6,coherent,0.0,1.0,0.7030077621824927,1.4203840324482335,1.3011554762546003,0.11922855619363326
6,coherent,5.0,1.0,0.7030077621824927,1.4200398254841822,1.3008569356139246,0.1191828898702576
6,coherent,10.0,1.0,0.7030077621824928,1.4190059656853373,1.299960231989419,0.11904573369591831
6,coherent,15.0,1.0,0.7030077621824927,1.417278719968222,1.2984621059274841,0.11881661404073784
6,coherent,20.0,1.0,0.7030077621824928,1.4148518115225497,1.2963570767763486,0.11849473474620109
6,coherent,25.0,1.0,0.703007762182493,1.4117163356726403,1.2936373688922203,0.11807896678042007
6,coherent,30.0,1.0,0.703007762182493,1.407860638736997,1.2902928053527656,0.11756783338423138
6,coherent,35.0,1.0,0.703007762182493,1.4032701563403205,1.286310666022549,0.11695949031777153
6,coherent,40.0,1.0,0.703007762182493,1.3979272063173067,1.2816755056403075,0.11625170067699919
6,coherent,45.0,1.0,0.7030077621824927,1.3918107297742726,1.2763689261887694,0.11544180358550316
6,coherent,50.0,1.0,0.7030077621824927,1.384895971945732,1.270369296075305,0.11452667587042709
6,coherent,55.0,1.0,0.7030077621824927,1.3771540920703003,1.2636514064784707,0.11350268559182952
6,coherent,60.0,1.0,0.7030077621824927,1.3685516884415752,1.2561860524429194,0.11236563599865579
6,coherent,65.0,1.0,0.7030077621824927,1.3590502208292992,1.2479395227156576,0.1111106981136416
6,coherent,70.0,1.0,0.7030077621824927,1.3486053072871782,1.2388729776067477,0.10973232968043045
6,coherent,75.0,1.0,0.703007762182493,1.3371658655057863,1.2289416878985624,0.10822417760722391
6,coherent,80.0,1.0,0.7030077621824927,1.324673059674659,1.2180940994044493,0.10657896027020963
6,coherent,85.0,1.0,0.7030077621824927,1.3110590013351155,1.206270676295349,0.10478832503976654
6,coherent,90.0,1.0,0.7030077621824928,1.2962451355354185,1.1934024604494782,0.10284267508594036
6,shuffled,0.0,1.0,0.7030077621824927,0.6075846745406862,0.5801233680766372,0.027461306464048985
6,shuffled,5.0,1.0,0.7030077621824927,0.6057618752922984,0.578447764187811,0.02731411110448745
6,shuffled,10.0,1.0,0.7030077621824928,0.6039446798394287,0.5767809319269616,0.027163747912467118
6,shuffled,15.0,1.0,0.7030077621824927,0.6023857907549862,0.5753539383054923,0.02703185244949391
6,shuffled,20.0,1.0,0.7030077621824927,0.6017534599692245,0.5747790185028456,0.02697444146637884
6,shuffled,25.0,1.0,0.7030077621824927,0.6001303688745949,0.573249223584667,0.02688114528992791
6,shuffled,30.0,1.0,0.7030077621824927,0.5985383567511718,0.5718220776280013,0.02671627912317054
6,shuffled,35.0,1.0,0.7030077621824927,0.594754481156159,0.5684274825059288,0.02632699865023025
6,shuffled,40.0,1.0,0.7030077621824927,0.5897964061841868,0.5639727343829003,0.02582367180128653
6,shuffled,45.0,1.0,0.7030077621824927,0.5848640856017207,0.5595325337939518,0.025331551807768804
6,shuffled,50.0,1.0,0.7030077621824927,0.5790980415427663,0.5542871711352224,0.024810870407543928
6,shuffled,55.0,1.0,0.7030077621824927,0.5758410363629954,0.5514028248913735,0.02443821147162195
6,shuffled,60.0,1.0,0.7030077621824927,0.57110008537852,0.5471285618592314,0.02397152351928855
6,shuffled,65.0,1.0,0.703007762182493,0.5650532069688898,0.5416963078192324,0.02335689914965744
6,shuffled,70.0,1.0,0.7030077621824927,0.5593916555757756,0.5365738449932467,0.022817810582528963
6,shuffled,75.0,1.0,0.7030077621824927,0.5701873312282378,0.5465184203219848,0.023668910906253005
6,shuffled,80.0,1.0,0.703007762182493,0.5760051597187755,0.5518344951701444,0.02417066454863115
6,shuffled,85.0,1.0,0.7030077621824931,0.579116578546278,0.5546584580957094,0.02445812045056861
6,shuffled,90.0,1.0,0.7030077621824927,0.5819585005291205,0.5573452937565737,0.024613206772546747
6,separated,0.0,1.0000000000000002,0.7030317113480796,1.2512487766826226,1.1933126357182866,0.05793614096433597
6,separated,5.0,1.0,0.7030317113480797,1.2512487766824165,1.1933126357180877,0.057936140964328864
6,separated,10.0,1.0,0.7030317113480797,1.2512487766818006,1.193312635717493,0.05793614096430755
6,separated,15.0,1.0000000000000002,0.7030317113480796,1.2512487766807792,1.1933126357165067,0.057936140964272465
6,separated,20.0,1.0,0.7030317113480796,1.2512487766793592,1.193312635715136,0.05793614096422317
6,separated,25.0,1.0,0.7030317113480797,1.2512487766775517,1.1933126357133907,0.057936140964161
6,separated,30.0,1.0,0.7030317113480796,1.2512487766753702,1.1933126357112849,0.05793614096408528
6,separated,35.0,1.0,0.7030317113480796,1.25124877667283,1.193312635708832,0.05793614096399802
6,separated,40.0,1.0,0.7030317113480796,1.2512487766699498,1.1933126357060515,0.05793614096389832
6,separated,45.0,1.0,0.7030317113480796,1.2512487766667513,1.193312635702963,0.057936140963788185
6,separated,50.0,1.0,0.7030317113480796,1.2512487766632578,1.1933126356995905,0.05793614096366739
6,separated,55.0,1.0,0.7030317113480796,1.2512487766594949,1.1933126356959571,0.05793614096353772
6,separated,60.0,1.0000000000000002,0.7030317113480796,1.25124877665549,1.193312635692091,0.05793614096339916
6,separated,65.0,1.0,0.7030317113480797,1.2512487766512734,1.1933126356880197,0.057936140963253724
6,separated,70.0,1.0,0.7030317113480796,1.251248776646876,1.193312635683774,0.05793614096310207
6,separated,75.0,1.0000000000000002,0.7030317113480796,1.2512487766423301,1.193312635679385,0.05793614096294508
6,separated,80.0,1.0,0.7030317113480797,1.2512487766376692,1.1933126356748847,0.057936140962784544
6,separated,85.0,1.0,0.7030317113480797,1.2512487766329283,1.1933126356703079,0.05793614096262045
6,separated,90.0,1.0000000000000002,0.7030317113480796,1.2512487766281426,1.193312635665687,0.057936140962455696
7,coherent,0.0,1.0,0.7031900400837486,1.4203418091843267,1.3010192124230227,0.11932259676130408
7,coherent,5.0,1.0000000000000002,0.7031900400837486,1.4199976071769296,1.3007206990124147,0.11927690816451486
7,coherent,10.0,1.0,0.7031900400837486,1.4189637609295638,1.2998240761331923,0.11913968479637149
7,coherent,15.0,1.0,0.7031900400837486,1.417236533357759,1.298326081461259,0.11891045189650007
7,coherent,20.0,1.0,0.7031900400837486,1.414809640828772,1.2962212294397037,0.11858841138906828
7,coherent,25.0,1.0,0.7031900400837485,1.411674168783585,1.2935017372967197,0.11817243148686529
7,coherent,30.0,1.0,0.7031900400837486,1.4078184502443973,1.2901574184816345,0.11766103176276288
7,coherent,35.0,1.0000000000000002,0.7031900400837486,1.4032279036438424,1.2861755403487882,0.1170523632950542
7,coherent,40.0,1.0000000000000002,0.7031900400837486,1.3978848250903564,1.2815406417385073,0.11634418335184904
7,coherent,45.0,1.0,0.7031900400837486,1.3917681286026615,1.2762343046883897,0.1155338239142718
7,coherent,50.0,1.0000000000000002,0.7031900400837486,1.3848530259073433,1.2702348727672506,0.11461815314009272
7,coherent,55.0,1.0,0.7031900400837486,1.3771106349685884,1.263517106340466,0.11359352862812244
7,coherent,60.0,1.0000000000000002,0.7031900400837486,1.368507503335457,1.2560517622901024,0.1124557410453546
7,coherent,65.0,1.0,0.7031900400837486,1.359005028413635,1.247805082108113,0.11119994630552199
7,coherent,70.0,1.0000000000000002,0.7031900400837485,1.3485587515681086,1.2387381675522124,0.10982058401589612
7,coherent,75.0,1.0000000000000002,0.7031900400837485,1.3371174960801089,1.2288062167729001,0.10831127930720874
7,coherent,80.0,1.0,0.7031900400837486,1.3246223097593204,1.2179575853717315,0.1066647243875889
7,coherent,85.0,1.0,0.7031900400837486,1.3110051605005573,1.206132625341793,0.10487253515876427
7,coherent,90.0,1.0,0.7031900400837486,1.296187315877686,1.1932622389523329,0.10292507692535313
7,shuffled,0.0,1.0,0.7031900400837486,0.580329236796079,0.5546398769886279,0.025689359807451018
7,shuffled,5.0,1.0000000000000002,0.7031900400837485,0.5809298829233873,0.5551654088347124,0.025764474088674882
7,shuffled,10.0,1.0,0.7031900400837486,0.5868025845889339,0.5604698507564405,0.02633273383249335
7,shuffled,15.0,1.0,0.7031900400837485,0.5912054464349802,0.564464001952443,0.026741444482537235
7,shuffled,20.0,1.0,0.7031900400837485,0.5966902489410246,0.5694604001503405,0.02722984879068413
7,shuffled,25.0,1.0000000000000002,0.7031900400837486,0.5977744495383055,0.5705272999183186,0.027247149619986866
7,shuffled,30.0,1.0,0.7031900400837486,0.5961727233080232,0.569172960002424,0.026999763305599167
7,shuffled,35.0,1.0,0.7031900400837486,0.5941689645256198,0.5674316169976708,0.026737347527949096
7,shuffled,40.0,1.0,0.7031900400837486,0.5922555160677918,0.5657499016462758,0.026505614421516
7,shuffled,45.0,1.0000000000000002,0.7031900400837486,0.5905208734852765,0.5642161473450051,0.02630472614027135
7,shuffled,50.0,1.0,0.7031900400837486,0.5868767072894588,0.5609050564485631,0.0259716508408957
7,shuffled,55.0,1.0,0.7031900400837486,0.5904273090136473,0.5642542543119669,0.02617305470168041
7,shuffled,60.0,1.0,0.7031900400837486,0.5924115219271847,0.5659984617478439,0.026413060179340864
7,shuffled,65.0,1.0,0.7031900400837486,0.5967470789145007,0.5697687366671078,0.026978342247392928
7,shuffled,70.0,1.0,0.7031900400837486,0.5832452413012253,0.5575556204643545,0.025689620836870874
7,shuffled,75.0,1.0,0.7031900400837485,0.5783255963184235,0.5530041684555413,0.025321427862882162
7,shuffled,80.0,1.0000000000000002,0.7031900400837486,0.5771365682133841,0.5518554965042289,0.025281071709155167
7,shuffled,85.0,1.0,0.7031900400837486,0.5761467354502954,0.5508878250445759,0.02525891040571948
7,shuffled,90.0,1.0,0.7031900400837486,0.5740923243096526,0.5489001240638881,0.025192200245764518
7,separated,0.0,1.0,0.7030835922790825,1.2512493005205618,1.1932921001776395,0.05795720034292229
7,separated,5.0,1.0,0.7030835922790825,1.2512493005203564,1.1932921001774408,0.05795720034291563
7,separated,10.0,1.0,0.7030835922790826,1.2512493005197403,1.193292100176846,0.05795720034289431
7,separated,15.0,1.0,0.7030835922790825,1.251249300518719,1.19329210017586,0.057957200342859005
7,separated,20.0,1.0,0.7030835922790825,1.2512493005172993,1.1932921001744896,0.05795720034280971
7,separated,25.0,1.0,0.7030835922790825,1.2512493005154925,1.1932921001727448,0.05795720034274776
7,separated,30.0,1.0,0.7030835922790825,1.251249300513311,1.1932921001706385,0.05795720034267249
7,separated,35.0,1.0,0.7030835922790825,1.2512493005107712,1.1932921001681864,0.05795720034258478
7,separated,40.0,1.0,0.7030835922790825,1.2512493005078913,1.1932921001654062,0.05795720034248508
7,separated,45.0,1.0,0.7030835922790825,1.2512493005046934,1.1932921001623185,0.05795720034237495
7,separated,50.0,1.0,0.7030835922790825,1.2512493005012002,1.193292100158946,0.057957200342254156
7,separated,55.0,1.0,0.7030835922790825,1.2512493004974379,1.1932921001553134,0.05795720034212448
7,separated,60.0,1.0,0.7030835922790825,1.251249300493434,1.193292100151448,0.057957200341985926
7,separated,65.0,1.0,0.7030835922790825,1.251249300489218,1.1932921001473773,0.05795720034184071
7,separated,70.0,0.9999999999999999,0.7030835922790825,1.251249300484821,1.1932921001431323,0.05795720034168883
7,separated,75.0,1.0,0.7030835922790825,1.2512493004802758,1.193292100138744,0.057957200341531845
7,separated,80.0,1.0,0.7030835922790825,1.2512493004756156,1.1932921001342447,0.05795720034137086
7,separated,85.0,1.0,0.7030835922790825,1.2512493004708756,1.1932921001296684,0.057957200341207216
7,separated,90.0,1.0,0.7030835922790825,1.2512493004660903,1.193292100125048,0.057957200341042237
8,coherent,0.0,1.0,0.7031496374914108,1.420160389966293,1.3009042741083001,0.11925611585799278
8,coherent,5.0,1.0000000000000002,0.7031496374914108,1.4198161460135514,1.3006057125732562,0.11921043344029525
8,coherent,10.0,1.0,0.7031496374914107,1.418782175527465,1.299708946539327,0.11907322898813799
8,coherent,15.0,1.0000000000000002,0.7031496374914108,1.4170547462756966,1.29821071738718,0.11884402888851664
8,coherent,20.0,1.0,0.7031496374914108,1.4146275829157355,1.2961055458999486,0.1185220370157869
8,coherent,25.0,1.0,0.7031496374914107,1.4114917829313773,1.2933856585373,0.1181061243940773
8,coherent,30.0,1.0000000000000002,0.7031496374914108,1.407635695599934,1.2900408812465045,0.11759481435342956
8,coherent,35.0,1.0000000000000002,0.7031496374914108,1.4030447604469594,1.286058497657649,0.11698626278931035
8,coherent,40.0,1.0000000000000002,0.7031496374914108,1.3977013003310226,1.2814230673361127,0.11627823299490991
8,coherent,45.0,1.0,0.7031496374914108,1.3915842627284016,1.27611619835699,0.11546806437141166
8,coherent,50.0,1.0000000000000002,0.7031496374914108,1.3846689008590314,1.2701162667343218,0.11455263412470962
8,coherent,55.0,1.0,0.7031496374914108,1.3769263838824715,1.263398073065206,0.11352831081726555
8,coherent,60.0,1.0000000000000002,0.7031496374914108,1.3683233223234588,1.255932423976346,0.11239089834711269
8,coherent,65.0,1.0,0.7031496374914108,1.3588211909249337,1.2476856223704442,0.11113556855448947
8,coherent,70.0,1.0,0.7031496374914108,1.3483756259445596,1.2386188457582064,0.10975678018635326
8,coherent,75.0,1.0,0.7031496374914108,1.3369355670473997,1.228687385698955,0.1082481813484446
8,coherent,80.0,1.0,0.7031496374914108,1.324442204743731,1.217839712942718,0.10660249180101289
8,coherent,85.0,1.0000000000000002,0.7031496374914107,1.3108276818228528,1.206016321372335,0.10481136045051787
8,coherent,90.0,1.0,0.7031496374914108,1.2960134800386367,1.193148287960724,0.10286519207791267
8,shuffled,0.0,1.0000000000000002,0.7031496374914108,0.6044334790377797,0.577525871331027,0.026907607706752712
8,shuffled,5.0,1.0,0.7031496374914108,0.6058332233708459,0.5787906025510524,0.027042620819793473
8,shuffled,10.0,1.0,0.7031496374914108,0.6048183268223809,0.5778075226085885,0.027010804213792428
8,shuffled,15.0,1.0000000000000002,0.7031496374914108,0.6045186475517152,0.5773690835552517,0.02714956399646351
8,shuffled,20.0,1.0000000000000002,0.7031496374914108,0.604227360183802,0.577001611298406,0.027225748885395973
8,shuffled,25.0,1.0,0.7031496374914108,0.6033928629637306,0.5761318238681533,0.02726103909557731
8,shuffled,30.0,1.0,0.7031496374914108,0.6042725437567776,0.5767794944687533,0.027493049288024318
8,shuffled,35.0,1.0,0.7031496374914108,0.6126484694104607,0.5839963213514552,0.02865214805900551
8,shuffled,40.0,1.0000000000000002,0.7031496374914108,0.6078631325739466,0.5796189591139794,0.028244173459967215
8,shuffled,45.0,1.0,0.7031496374914108,0.6028784189812636,0.5751239921233715,0.02775442685789209
8,shuffled,50.0,1.0000000000000002,0.7031496374914108,0.6008703554136334,0.5731985239696544,0.027671831443979
8,shuffled,55.0,1.0000000000000002,0.7031496374914109,0.6000984644242285,0.5724009627969487,0.027697501627279797
8,shuffled,60.0,1.0,0.7031496374914108,0.6000285565821819,0.5722136035030098,0.027814953079172144
8,shuffled,65.0,1.0,0.7031496374914108,0.6016687273637187,0.573569329217906,0.028099398145812637
8,shuffled,70.0,1.0,0.7031496374914108,0.5990688082847984,0.5711552830441287,0.0279135252406697
8,shuffled,75.0,1.0,0.7031496374914108,0.6037420300801805,0.5753367683651481,0.028405261715032326
8,shuffled,80.0,1.0000000000000002,0.7031496374914108,0.602452962883808,0.5742106391834175,0.02824232370039048
8,shuffled,85.0,1.0000000000000002,0.7031496374914108,0.6004548035239354,0.5723927115966292,0.028062091927306243
8,shuffled,90.0,1.0,0.7031496374914108,0.5984181033220586,0.5705617458298139,0.027856357492244688
8,separated,0.0,1.0,0.7029733492767174,1.2513172088111146,1.1933796908321386,0.05793751797897606
8,separated,5.0,0.9999999999999999,0.7029733492767174,1.2513172088109088,1.1933796908319396,0.05793751797896918
8,separated,10.0,0.9999999999999999,0.7029733492767174,1.251317208810293,1.1933796908313454,0.05793751797894764
8,separated,15.0,0.9999999999999999,0.7029733492767174,1.2513172088092717,1.1933796908303593,0.057937517978912334
8,separated,20.0,1.0,0.7029733492767174,1.2513172088078524,1.1933796908289889,0.057937517978863484
8,separated,25.0,0.9999999999999999,0.7029733492767174,1.2513172088060454,1.1933796908272443,0.05793751797880109
8,separated,30.0,1.0,0.7029733492767174,1.251317208803864,1.193379690825138,0.05793751797872604
8,separated,35.0,1.0,0.7029733492767174,1.2513172088013242,1.1933796908226861,0.05793751797863811
8,separated,40.0,0.9999999999999999,0.7029733492767174,1.2513172087984448,1.1933796908199061,0.05793751797853863
8,separated,45.0,0.9999999999999999,0.7029733492767174,1.2513172087952469,1.1933796908168184,0.0579375179784285
8,separated,50.0,1.0,0.7029733492767174,1.2513172087917541,1.1933796908134464,0.05793751797830771
8,separated,55.0,1.0,0.7029733492767174,1.251317208787992,1.193379690809814,0.05793751797817803
8,separated,60.0,1.0,0.7029733492767174,1.251317208783988,1.1933796908059484,0.0579375179780397
8,separated,65.0,0.9999999999999999,0.7029733492767174,1.2513172087797726,1.1933796908018781,0.05793751797789448
8,separated,70.0,0.9999999999999999,0.7029733492767174,1.251317208775376,1.1933796907976333,0.057937517977742825
8,separated,75.0,0.9999999999999999,0.7029733492767174,1.2513172087708309,1.1933796907932455,0.057937517977585395
8,separated,80.0,1.0,0.7029733492767174,1.2513172087661713,1.1933796907887464,0.05793751797742486
8,separated,85.0,0.9999999999999999,0.7029733492767174,1.2513172087614313,1.19337969078417,0.05793751797726121
8,separated,90.0,1.0,0.7029733492767174,1.251317208756646,1.1933796907795502,0.05793751797709579
9,coherent,0.0,1.0,0.7032105078679346,1.4200912663299587,1.3008656715902178,0.11922559473974093
9,coherent,5.0,1.0,0.7032105078679347,1.4197470170054642,1.3005670983598554,0.11917991864560884
9,coherent,10.0,1.0,0.7032105078679348,1.4187130307587652,1.299670297451269,0.11904273330749615
9,coherent,15.0,1.0,0.7032105078679348,1.4169855764444685,1.2981720108972017,0.11881356554726685
9,coherent,20.0,1.0,0.7032105078679346,1.4145583806095556,1.2960667606292315,0.11849161998032409
9,coherent,25.0,1.0,0.7032105078679345,1.4114225435511452,1.2933467748480219,0.11807576870312331
9,coherent,30.0,1.0,0.7032105078679346,1.407566418462566,1.290001881976689,0.11756453648587706
9,coherent,35.0,1.0,0.7032105078679346,1.4029754501342842,1.2860193690526693,0.11695608108161482
9,coherent,40.0,1.0,0.7032105078679347,1.3976319683657954,1.2813838002427012,0.11624816812309424
9,coherent,45.0,1.0,0.7032105078679346,1.391514929676712,1.2760767897611813,0.11543813991553065
9,coherent,50.0,1.0,0.7032105078679348,1.3845995989828168,1.2700767217455797,0.11452287723723709
9,coherent,55.0,1.0,0.7032105078679348,1.3768571604982884,1.2633584074767017,0.11349875302158674
9,coherent,60.0,1.0,0.7032105078679346,1.3682542440668064,1.2558926675683444,0.11236157649846201
9,coherent,65.0,1.0,0.7032105078679346,1.3587523491771742,1.2476458231734753,0.11110652600369897
9,coherent,70.0,1.0,0.7032105078679346,1.3483071437575518,1.2385790755601578,0.109728068197394
9,coherent,75.0,1.0,0.7032105078679346,1.3368676080078117,1.228647747172887,0.10821986083492474
9,coherent,80.0,1.0,0.7032105078679346,1.3243749843673007,1.2178003489013092,0.10657463546599155
9,coherent,85.0,1.0,0.7032105078679348,1.310761482278002,1.2059774268376213,0.10478405544038072
9,coherent,90.0,1.0,0.7032105078679346,1.2959486692988778,1.1931101260008399,0.10283854329803788
9,shuffled,0.0,1.0,0.7032105078679346,0.5660699181318375,0.5436336411801734,0.022436276951664058
9,shuffled,5.0,1.0,0.7032105078679346,0.5635259342478284,0.5410774795664944,0.02244845468133394
9,shuffled,10.0,1.0,0.7032105078679346,0.5857411392547319,0.5613375218408809,0.024403617413850998
9,shuffled,15.0,1.0,0.7032105078679346,0.577405131502214,0.5536843361885437,0.023720795313670218
9,shuffled,20.0,1.0,0.7032105078679346,0.5831157435035219,0.558808236936109,0.024307506567412873
9,shuffled,25.0,1.0,0.7032105078679348,0.5908852182276954,0.5658377255773229,0.025047492650372427
9,shuffled,30.0,1.0,0.7032105078679346,0.592094305081914,0.5668151954316949,0.025279109650219067
9,shuffled,35.0,1.0,0.7032105078679347,0.5941887698207596,0.5685324230900523,0.02565634673070738
9,shuffled,40.0,1.0,0.7032105078679347,0.5946282860405315,0.5687385544312838,0.02588973160924768
9,shuffled,45.0,1.0,0.7032105078679346,0.5940232520019976,0.5680068895372071,0.026016362464790443
9,shuffled,50.0,1.0,0.7032105078679346,0.588451995621493,0.5627459136712174,0.025706081950275572
9,shuffled,55.0,1.0,0.7032105078679346,0.5880461276806297,0.5621360316392268,0.02591009604140293
9,shuffled,60.0,1.0,0.7032105078679347,0.5863075208360543,0.5603823917910027,0.02592512904505162
9,shuffled,65.0,1.0,0.7032105078679346,0.5843088118279495,0.5583884725681553,0.0259203392597942
9,shuffled,70.0,1.0,0.7032105078679346,0.5879816190989282,0.5614232655142721,0.02655835358465608
9,shuffled,75.0,1.0,0.7032105078679345,0.5847019416342238,0.5583291231819046,0.026372818452319202
9,shuffled,80.0,1.0,0.7032105078679346,0.583806829765178,0.5573708278907428,0.026436001874435178
9,shuffled,85.0,1.0,0.7032105078679347,0.5827997976368879,0.5563184850393118,0.026481312597576134
9,shuffled,90.0,1.0,0.7032105078679346,0.5812030432965432,0.5547376283404261,0.026465414956117095
9,separated,0.0,1.0,0.7031953859769675,1.2512919287796933,1.1933151580417551,0.057976770737938166
9,separated,5.0,1.0,0.7031953859769675,1.2512919287794877,1.1933151580415562,0.057976770737931504
9,separated,10.0,1.0,0.7031953859769674,1.251291928778872,1.193315158040962,0.057976770737909966
9,separated,15.0,1.0,0.7031953859769675,1.2512919287778503,1.193315158039976,0.05797677073787444
9,separated,20.0,1.0,0.7031953859769674,1.2512919287764315,1.1933151580386054,0.05797677073782603
9,separated,25.0,1.0,0.7031953859769675,1.2512919287746238,1.1933151580368606,0.057976770737763195
9,separated,30.0,1.0,0.7031953859769675,1.2512919287724424,1.1933151580347545,0.05797677073768792
9,separated,35.0,1.0,0.7031953859769675,1.2512919287699027,1.1933151580323025,0.057976770737600214
9,separated,40.0,1.0,0.7031953859769675,1.2512919287670232,1.1933151580295223,0.05797677073750096
9,separated,45.0,1.0,0.7031953859769675,1.2512919287638253,1.193315158026435,0.05797677073739038
9,separated,50.0,1.0,0.7031953859769675,1.2512919287603324,1.1933151580230625,0.05797677073726981
9,separated,55.0,1.0,0.7031953859769674,1.2512919287565705,1.1933151580194306,0.057976770737139915
9,separated,60.0,1.0,0.7031953859769675,1.2512919287525663,1.1933151580155648,0.05797677073700158
9,separated,65.0,1.0,0.7031953859769675,1.2512919287483506,1.1933151580114945,0.05797677073685614
9,separated,70.0,1.0,0.7031953859769675,1.251291928743954,1.1933151580072496,0.057976770736704264
9,separated,75.0,1.0,0.7031953859769675,1.2512919287394086,1.1933151580028611,0.0579767707365475
9,separated,80.0,1.0,0.7031953859769674,1.251291928734749,1.1933151579983625,0.05797677073638652
9,separated,85.0,1.0,0.7031953859769675,1.2512919287300088,1.1933151579937862,0.05797677073622265
9,separated,90.0,1.0,0.7031953859769675,1.251291928725224,1.1933151579891665,0.05797677073605745
10,coherent,0.0,1.0,0.7030756533044811,1.4202768211648074,1.3010426265231518,0.11923419464165552
10,coherent,5.0,1.0,0.7030756533044813,1.4199324725593196,1.3007439720817522,0.11918850047756746
10,coherent,10.0,1.0,0.7030756533044812,1.4188981871177293,1.299846926475588,0.11905126064214122
10,coherent,15.0,1.0,0.7030756533044813,1.4171702295905748,1.2983482285047505,0.1188220010858243
10,coherent,20.0,1.0,0.7030756533044811,1.4147423195211275,1.2962423945801045,0.11849992494102302
10,coherent,25.0,0.9999999999999999,0.7030756533044811,1.4116055470488291,1.2935216448865983,0.11808390216223086
10,coherent,30.0,1.0,0.7030756533044811,1.407748251680811,1.2901757970313121,0.11757245464949895
10,coherent,35.0,1.0,0.7030756533044811,1.403155860477913,1.2861921240146355,0.11696373646327762
10,coherent,40.0,1.0,0.7030756533044811,1.397810680782984,1.281555172185183,0.11625550859780098
10,coherent,45.0,1.0,0.7030756533044813,1.3916916410409206,1.2762465334257478,0.11544510761517279
10,coherent,50.0,1.0,0.7030756533044812,1.384773971323965,1.2702445640793822,0.11452940724458283
10,coherent,55.0,1.0,0.7030756533044813,1.3770288127533574,1.263524040943315,0.11350477181004237
10,coherent,60.0,1.0,0.703075653304481,1.3684227419261006,1.2560557418743712,0.1123670000517294
10,coherent,65.0,1.0,0.7030756533044812,1.3589171924761971,1.2478059349438066,0.11111125753239048
10,coherent,70.0,1.0,0.7030756533044812,1.3484677506941494,1.2387357553467198,0.10973199534742961
10,coherent,75.0,1.0,0.7030756533044811,1.3370232952331664,1.2288004429798034,0.10822285225336303
10,coherent,80.0,1.0,0.7030756533044811,1.3245249416840714,1.217948405132408,0.10657653655166333
10,coherent,85.0,1.0,0.7030756533044811,1.310904740245577,1.2061200571894006,0.10478468305617628
10,coherent,90.0,1.0,0.7030756533044813,1.2960840574455839,1.19324637829082,0.10283767915476383
10,shuffled,0.0,1.0,0.7030756533044813,0.5836087567933674,0.5582677865997633,0.02534097019360415
10,shuffled,5.0,1.0,0.7030756533044813,0.5882768946425772,0.5625196639973526,0.025757230645224505
10,shuffled,10.0,1.0,0.7030756533044813,0.59917869717078,0.5723837295078685,0.02679496766291145
10,shuffled,15.0,1.0,0.7030756533044812,0.6089152022979921,0.5812234053136809,0.027691796984311234
10,shuffled,20.0,1.0,0.7030756533044813,0.6074379352058934,0.5800713443281034,0.02736659087779003
10,shuffled,25.0,1.0,0.7030756533044812,0.6114680463951779,0.583729625807114,0.027738420588063972
10,shuffled,30.0,1.0,0.7030756533044813,0.6177125551662989,0.5893025640478228,0.028409991118476086
10,shuffled,35.0,1.0,0.7030756533044811,0.6287666720148796,0.5990626311703268,0.029704040844552804
10,shuffled,40.0,1.0,0.7030756533044811,0.6284685690025912,0.5987525736541877,0.029715995348403523
10,shuffled,45.0,1.0,0.7030756533044811,0.6217252515138979,0.5927152608104557,0.029009990703442234
10,shuffled,50.0,1.0,0.7030756533044811,0.6182144376041342,0.5895352709558211,0.028679166648313048
10,shuffled,55.0,1.0,0.7030756533044812,0.6157925866569127,0.5873324085851608,0.02846017807175194
10,shuffled,60.0,1.0,0.7030756533044812,0.6164105107366791,0.5878817722140797,0.028528738522599406
10,shuffled,65.0,1.0,0.7030756533044813,0.619865291762575,0.5910298094651482,0.02883548229742683
10,shuffled,70.0,1.0,0.7030756533044813,0.622423128876251,0.5934442039460484,0.0289789249302026
10,shuffled,75.0,1.0,0.7030756533044811,0.6227316034354125,0.5937908155130184,0.028940787922394073
10,shuffled,80.0,1.0,0.7030756533044811,0.6234997123660572,0.594501623027084,0.028998089338973188
10,shuffled,85.0,1.0,0.7030756533044813,0.6232577705498362,0.594264858276081,0.028992912273755223
10,shuffled,90.0,1.0,0.7030756533044812,0.617767869872507,0.5893323235050401,0.028435546367466924
10,separated,0.0,1.0,0.7029006875437617,1.2512676834939758,1.1933483776177947,0.057919305876181104
10,separated,5.0,1.0,0.7029006875437616,1.25126768349377,1.1933483776175957,0.05791930587617422
10,separated,10.0,1.0,0.7029006875437616,1.2512676834931538,1.1933483776170009,0.057919305876152904
10,separated,15.0,1.0,0.7029006875437616,1.2512676834921317,1.1933483776160139,0.05791930587611782
10,separated,20.0,1.0,0.7029006875437618,1.2512676834907108,1.193348377614642,0.05791930587606875
10,separated,25.0,1.0,0.7029006875437617,1.2512676834889025,1.1933483776128961,0.057919305876006355
10,separated,30.0,1.0,0.7029006875437617,1.2512676834867191,1.1933483776107885,0.05791930587593064
10,separated,35.0,1.0,0.7029006875437618,1.2512676834841774,1.193348377608334,0.057919305875843374
10,separated,40.0,1.0,0.7029006875437618,1.2512676834812955,1.1933483776055518,0.057919305875743676
10,separated,45.0,1.0,0.7029006875437616,1.2512676834780956,1.193348377602462,0.05791930587563354
10,separated,50.0,1.0,0.7029006875437617,1.2512676834746,1.1933483775990874,0.05791930587551253
10,separated,55.0,1.0,0.7029006875437617,1.2512676834708343,1.193348377595452,0.05791930587538219
10,separated,60.0,1.0,0.7029006875437617,1.251267683466828,1.1933483775915832,0.05791930587524474
10,separated,65.0,1.0,0.7029006875437617,1.2512676834626089,1.1933483775875096,0.0579193058750993
10,separated,70.0,1.0,0.7029006875437616,1.2512676834582086,1.1933483775832616,0.05791930587494698
10,separated,75.0,1.0,0.7029006875437616,1.25126768345366,1.1933483775788698,0.05791930587479022
10,separated,80.0,1.0,0.7029006875437616,1.2512676834489966,1.1933483775743674,0.057919305874629234
10,separated,85.0,1.0,0.7029006875437616,1.2512676834442529,1.1933483775697873,0.05791930587446559
10,separated,90.0,1.0,0.7029006875437617,1.2512676834394638,1.1933483775651637,0.057919305874300164
11,coherent,0.0,1.0,0.7030437148789865,1.4203770371220892,1.3010919382986346,0.11928509882345462
11,coherent,5.0,1.0,0.7030437148789864,1.42003280533327,1.3007933852497378,0.11923942008353228
11,coherent,10.0,1.0,0.7030437148789868,1.418998871985652,1.2998966452635372,0.1191022267221149
11,coherent,15.0,1.0,0.7030437148789864,1.4172715067771489,1.2983984614816675,0.11887304529548137
11,coherent,20.0,1.0,0.7030437148789864,1.4148444375485625,1.2962933575984625,0.11855107995009995
11,coherent,25.0,1.0,0.7030437148789864,1.4117087661663037,1.2935735640968673,0.1181352020694364
11,coherent,30.0,1.0,0.7030437148789864,1.4078528474079433,1.2902289120008332,0.11762393540711003
11,coherent,35.0,1.0,0.7030437148789865,1.4032621273007042,1.2862466909858428,0.11701543631486144
11,coherent,40.0,1.0,0.7030437148789865,1.397918936046398,1.2816114675132193,0.11630746853317864
11,coherent,45.0,1.0,0.7030437148789866,1.391802229090992,1.2763048572432054,0.11549737184778652
11,coherent,50.0,1.0,0.7030437148789865,1.3848872679654671,1.2703052442474476,0.11458202371801951
11,coherent,55.0,1.0,0.7030437148789864,1.3771452301087517,1.2635874373658686,0.11355779274288302
11,coherent,60.0,1.0,0.7030437148789864,1.3685427338107523,1.256122251277352,0.11242048253340031
11,coherent,65.0,1.0,0.7030437148789868,1.359041260448306,1.2478759962603514,0.11116526418795458
11,coherent,70.0,1.0,0.7030437148789865,1.3485964510020205,1.2388098559052256,0.10978659509679489
11,coherent,75.0,1.0,0.7030437148789864,1.3371572469770856,1.2288791257757452,0.1082781212013404
11,coherent,80.0,1.0,0.7030437148789865,1.3246648366492477,1.2180322775882981,0.1066325590609496
11,coherent,85.0,1.0000000000000002,0.7030437148789866,1.31105135506706,1.2062098019894691,0.1048415530775908
11,coherent,90.0,1.0,0.7030437148789864,1.2962382690663692,1.193342767145812,0.1028955019205573
11,shuffled,0.0,1.0,0.7030437148789864,0.5534487227521735,0.5299295335938865,0.02351918915828699
11,shuffled,5.0,1.0,0.7030437148789866,0.5567948562369373,0.5329658659862866,0.02382899025065066
11,shuffled,10.0,1.0000000000000002,0.7030437148789864,0.5610030973128176,0.5367947365799447,0.024208360732872913
11,shuffled,15.0,1.0,0.7030437148789864,0.5657382989880111,0.5410890583942874,0.024649240593723643
11,shuffled,20.0,1.0,0.7030437148789865,0.5724762442872121,0.5471338864011728,0.025342357886039335
11,shuffled,25.0,1.0000000000000002,0.7030437148789865,0.5838351861463165,0.5572386652201823,0.02659652092613418
11,shuffled,30.0,1.0,0.7030437148789864,0.5787798067852565,0.5527551524426654,0.026024654342591158
11,shuffled,35.0,1.0,0.7030437148789866,0.5788045134802919,0.5527326934242482,0.026071820056043693
11,shuffled,40.0,1.0,0.7030437148789866,0.5766216051597068,0.5506992295458196,0.025922375613887216
11,shuffled,45.0,1.0,0.7030437148789865,0.5717457132440671,0.5462802006672374,0.02546551257682972
11,shuffled,50.0,1.0,0.7030437148789864,0.5683570680061985,0.543214650636383,0.025142417369815484
11,shuffled,55.0,1.0,0.7030437148789865,0.5717364999789607,0.5463768695787742,0.025359630400186517
11,shuffled,60.0,1.0,0.7030437148789866,0.5783204553474315,0.5524722814040715,0.02584817394336003
11,shuffled,65.0,1.0,0.7030437148789865,0.5837752764964076,0.5575191095602232,0.026256166936184377
11,shuffled,70.0,1.0,0.7030437148789868,0.5882007293008896,0.5616033754892689,0.02659735381162076
11,shuffled,75.0,1.0000000000000002,0.7030437148789864,0.5915620826742303,0.5646953044837916,0.0268667781904387
11,shuffled,80.0,1.0,0.7030437148789864,0.6031136992009614,0.5752406296759001,0.0278730695250613
11,shuffled,85.0,1.0000000000000002,0.7030437148789865,0.6028701979159844,0.575103327818668,0.027766870097316376
11,shuffled,90.0,1.0,0.7030437148789865,0.6078429205023501,0.579637964976697,0.028204955525653164
11,separated,0.0,0.9999999999999999,0.7032279359027498,1.2510416402002478,1.1931000304912007,0.05794160970904705
11,separated,5.0,0.9999999999999999,0.7032279359027498,1.2510416402000417,1.1931000304910018,0.05794160970903994
11,separated,10.0,0.9999999999999999,0.7032279359027498,1.251041640199426,1.1931000304904074,0.05794160970901863
11,separated,15.0,0.9999999999999999,0.7032279359027498,1.251041640198405,1.1931000304894217,0.05794160970898332
11,separated,20.0,0.9999999999999999,0.7032279359027498,1.251041640196986,1.1931000304880515,0.05794160970893447
11,separated,25.0,0.9999999999999999,0.7032279359027498,1.2510416401951792,1.193100030486307,0.05794160970887208
11,separated,30.0,0.9999999999999999,0.7032279359027498,1.2510416401929985,1.1931000304842014,0.057941609708797026
11,separated,35.0,0.9999999999999999,0.7032279359027498,1.251041640190459,1.19310003048175,0.057941609708708874
11,separated,40.0,0.9999999999999999,0.7032279359027498,1.2510416401875804,1.1931000304789705,0.05794160970860984
11,separated,45.0,0.9999999999999999,0.7032279359027498,1.2510416401843831,1.1931000304758839,0.057941609708499264
11,separated,50.0,0.9999999999999999,0.7032279359027498,1.251041640180891,1.1931000304725123,0.057941609708378694
11,separated,55.0,0.9999999999999999,0.7032279359027498,1.2510416401771296,1.1931000304688808,0.0579416097082488
11,separated,60.0,0.9999999999999999,0.7032279359027498,1.251041640173127,1.193100030465016,0.05794160970811113
11,separated,65.0,0.9999999999999999,0.7032279359027498,1.2510416401689117,1.1931000304609465,0.05794160970796525
11,separated,70.0,0.9999999999999999,0.7032279359027498,1.2510416401645164,1.1931000304567028,0.05794160970781359
11,separated,75.0,0.9999999999999999,0.7032279359027498,1.251041640159972,1.1931000304523154,0.057941609707656605
11,separated,80.0,0.9999999999999999,0.7032279359027498,1.2510416401553133,1.1931000304478176,0.05794160970749562
11,separated,85.0,0.9999999999999999,0.7032279359027498,1.2510416401505742,1.1931000304432422,0.057941609707331976
11,separated,90.0,0.9999999999999999,0.7032279359027498,1.2510416401457902,1.1931000304386234,0.057941609707166775
12,coherent,0.0,1.0,0.7029890836384274,1.4204150940657163,1.3011438297487963,0.11927126431692003
12,coherent,5.0,0.9999999999999998,0.7029890836384274,1.420070906515615,1.3008453112824787,0.11922559523313625
12,coherent,10.0,1.0,0.7029890836384274,1.4190371047430295,1.2999486740647395,0.11908843067829
12,coherent,15.0,1.0,0.7029890836384274,1.4173099550114416,1.2984506582890867,0.11885929672235496
12,coherent,20.0,0.9999999999999998,0.7029890836384273,1.4148831794010168,1.2963457827022575,0.11853739669875929
12,coherent,25.0,0.9999999999999998,0.7029890836384273,1.411747871637466,1.2936262707898427,0.11812160084762335
12,coherent,30.0,0.9999999999999998,0.7029890836384274,1.4078923759042816,1.290281944459943,0.11761043144433869
12,coherent,35.0,1.0,0.7029890836384274,1.4033021250905986,1.2863000820682164,0.11700204302238215
12,coherent,40.0,1.0,0.7029890836384274,1.397959433611008,1.2816652364522274,0.11629419715878053
12,coherent,45.0,1.0,0.7029890836384273,1.3918432383590207,1.2763590072329558,0.11548423112606487
12,coherent,50.0,0.9999999999999998,0.7029890836384273,1.3849287794250236,1.2703597599075063,0.1145690195175173
12,coherent,55.0,1.0,0.7029890836384274,1.3771872097941873,1.2636422820819246,0.11354492771226266
12,coherent,60.0,1.0,0.7029890836384274,1.3685851201672987,1.256177364417711,0.11240775574958772
12,coherent,65.0,1.0,0.7029890836384275,1.3590839610819474,1.247931290272235,0.11115267080971236
12,coherent,70.0,1.0,0.7029890836384274,1.3486393393254539,1.238865213298122,0.10977412602733194
12,coherent,75.0,1.0,0.7029890836384274,1.3372001587633477,1.22893439600046,0.1082657627628878
12,coherent,80.0,1.0,0.7029890836384272,1.3247075665002723,1.2180872738181248,0.10662029268214757
12,coherent,85.0,1.0,0.7029890836384275,1.3110936527915338,1.206264297801449,0.10482935499008472
12,coherent,90.0,0.9999999999999998,0.7029890836384274,1.2962798359340904,1.193396493081322,0.10288334285276846
12,shuffled,0.0,1.0,0.7029890836384274,0.6083417299911206,0.5788034388580069,0.02953829113311368
12,shuffled,5.0,0.9999999999999998,0.7029890836384272,0.6059192008523672,0.5765210021144546,0.029398198737912606
12,shuffled,10.0,0.9999999999999998,0.7029890836384274,0.6046647670118143,0.5752831750918995,0.02938159191991474
12,shuffled,15.0,1.0,0.7029890836384274,0.6041802095276235,0.5747521486987064,0.029428060828917135
12,shuffled,20.0,0.9999999999999998,0.7029890836384274,0.6027394016424447,0.5733689849794003,0.029370416663044407
12,shuffled,25.0,0.9999999999999998,0.7029890836384274,0.600240434457852,0.5710431628509205,0.02919727160693153
12,shuffled,30.0,1.0,0.7029890836384275,0.5974680235265175,0.5684733102002727,0.028994713326244814
12,shuffled,35.0,0.9999999999999998,0.7029890836384272,0.5948350497136555,0.5660731267192021,0.02876192299445346
12,shuffled,40.0,1.0,0.7029890836384273,0.5922840231863945,0.563785099793554,0.028498923392840547
12,shuffled,45.0,1.0,0.7029890836384275,0.5887505293672204,0.560677491009324,0.02807303835789643
12,shuffled,50.0,1.0,0.7029890836384274,0.5782847222796272,0.5514592119849401,0.02682551029468716
12,shuffled,55.0,1.0,0.7029890836384272,0.5861176810199172,0.5585255453306982,0.027592135689219033
12,shuffled,60.0,1.0,0.7029890836384273,0.590866099385232,0.5628132146797012,0.0280528847055308
12,shuffled,65.0,1.0,0.7029890836384273,0.5921772066869965,0.5640327556326297,0.028144451054366804
12,shuffled,70.0,0.9999999999999998,0.7029890836384273,0.5924341007543149,0.5643124122008171,0.028121688553497837
12,shuffled,75.0,1.0,0.7029890836384274,0.5922350576088079,0.5641818344893431,0.028053223119464787
12,shuffled,80.0,1.0,0.7029890836384274,0.5921901766343356,0.5642029504534959,0.027987226180839708
12,shuffled,85.0,0.9999999999999998,0.7029890836384275,0.5852941032038942,0.5580929369654217,0.027201166238472463
12,shuffled,90.0,1.0,0.7029890836384274,0.5947878333210277,0.5668406756897479,0.02794715763127975
12,separated,0.0,1.0,0.7032922744686242,1.2510771693558886,1.1931315274201582,0.057945641935730485
12,separated,5.0,1.0,0.7032922744686243,1.2510771693556826,1.1931315274199594,0.05794564193572316
12,separated,10.0,1.0,0.7032922744686243,1.2510771693550669,1.193131527419365,0.05794564193570184
12,separated,15.0,1.0,0.7032922744686242,1.2510771693540463,1.1931315274183791,0.0579456419356672
12,separated,20.0,1.0,0.7032922744686242,1.2510771693526272,1.1931315274170096,0.05794564193561769
12,separated,25.0,1.0,0.7032922744686243,1.2510771693508207,1.193131527415265,0.057945641935555736
12,separated,30.0,1.0,0.7032922744686242,1.25107716934864,1.1931315274131598,0.05794564193548024
12,separated,35.0,1.0,0.7032922744686242,1.251077169346101,1.1931315274107084,0.05794564193539253
12,separated,40.0,1.0,0.7032922744686242,1.2510771693432223,1.193131527407929,0.05794564193529328
12,separated,45.0,1.0,0.7032922744686242,1.251077169340025,1.1931315274048426,0.05794564193518248
12,separated,50.0,1.0,0.7032922744686243,1.2510771693365332,1.193131527401471,0.05794564193506213
12,separated,55.0,1.0,0.7032922744686242,1.2510771693327725,1.1931315273978402,0.057945641934932235
12,separated,60.0,1.0,0.7032922744686242,1.25107716932877,1.1931315273939758,0.05794564193479412
12,separated,65.0,1.0,0.7032922744686243,1.2510771693245553,1.1931315273899066,0.057945641934648684
12,separated,70.0,1.0,0.7032922744686242,1.2510771693201603,1.193131527385663,0.05794564193449725
12,separated,75.0,1.0,0.7032922744686242,1.2510771693156162,1.1931315273812766,0.0579456419343396
12,separated,80.0,1.0,0.7032922744686243,1.2510771693109577,1.1931315273767789,0.05794564193417884
12,separated,85.0,1.0,0.7032922744686243,1.2510771693062193,1.1931315273722036,0.057945641934015635
12,separated,90.0,1.0,0.7032922744686242,1.251077169301436,1.1931315273675853,0.057945641933850656
13,coherent,0.0,1.0,0.7029978359226475,1.4202410982132363,1.3009904166049595,0.11925068160827679
13,coherent,5.0,1.0,0.7029978359226475,1.4198966908032935,1.3006917125146042,0.11920497828868926
13,coherent,10.0,1.0,0.7029978359226476,1.4188622285533345,1.2997945176259922,0.11906771092734236
13,coherent,15.0,1.0,0.7029978359226474,1.4171339750224627,1.2982955697265572,0.1188384052959055
13,coherent,20.0,1.0,0.7029978359226474,1.4147056477468445,1.296189383519711,0.11851626422713357
13,coherent,25.0,1.0,0.7029978359226475,1.411568334011403,1.2934681767587861,0.1181001572526168
13,coherent,30.0,1.0,0.7029978359226474,1.4077103695776494,1.290121763854417,0.11758860572323249
13,coherent,35.0,1.0,0.7029978359226475,1.403117176815228,1.2861374137945223,0.11697976302070567
13,coherent,40.0,1.0,0.7029978359226475,1.397771057367028,1.2814996680389779,0.11627138932805003
13,coherent,45.0,1.0,0.7029978359226475,1.3916509329008737,1.2761901126389585,0.11546082026191518
13,coherent,50.0,1.0,0.7029978359226474,1.3847320255672142,1.2701870970946183,0.1145449284725959
13,coherent,55.0,1.0,0.7029978359226475,1.3769854673633295,1.2634653902863304,0.11352007707699907
13,coherent,60.0,1.0,0.7029978359226476,1.3683778245275442,1.2559957610351247,0.11238206349241953
13,coherent,65.0,1.0,0.7029978359226474,1.3588705191153565,1.2477444672488152,0.11112605186654134
13,coherent,70.0,1.0,0.7029978359226475,1.3484191247152153,1.2386726328873097,0.10974649182790563
13,coherent,75.0,1.0,0.7029978359226475,1.33697250638288,1.2287354857034496,0.1082370206794303
13,coherent,80.0,1.0,0.7029978359226475,1.3244717656505984,1.217881420267533,0.10659034538306544
13,coherent,85.0,1.0,0.7029978359226475,1.310848938946289,1.2060508392671225,0.10479809967916642
13,coherent,90.0,1.0,0.7029978359226475,1.2960253805363122,1.1931747101636743,0.10285067037263795
13,shuffled,0.0,1.0,0.7029978359226474,0.6116919098952344,0.5837848591929141,0.027907050702320246
13,shuffled,5.0,1.0,0.7029978359226474,0.6133027686473339,0.5853025926203071,0.028000176027026757
13,shuffled,10.0,1.0,0.7029978359226474,0.6146035886763728,0.586533068425177,0.02807052025119572
13,shuffled,15.0,1.0,0.7029978359226475,0.6155509490070542,0.587405164840751,0.0281457841663032
13,shuffled,20.0,1.0,0.7029978359226475,0.6172203809968982,0.588882820450896,0.028337560546002227
13,shuffled,25.0,1.0,0.7029978359226475,0.6199650602533059,0.5913218838874276,0.02864317636587832
13,shuffled,30.0,1.0,0.7029978359226475,0.6223881277421311,0.5935807586457315,0.028807369096399693
13,shuffled,35.0,1.0,0.7029978359226475,0.6234344726401629,0.5946591669452772,0.028775305694885733
13,shuffled,40.0,1.0,0.7029978359226474,0.6259175311374947,0.5969808982176807,0.028936632919813965
13,shuffled,45.0,1.0,0.7029978359226475,0.6353174421646732,0.6053752983706754,0.029942143793997844
13,shuffled,50.0,1.0,0.7029978359226475,0.6239010205773029,0.5955262120813282,0.028374808495974735
13,shuffled,55.0,1.0,0.7029978359226475,0.627401440275933,0.5988016844843501,0.028599755791582915
13,shuffled,60.0,1.0,0.7029978359226475,0.6397824957565028,0.609876740690052,0.029905755066450768
13,shuffled,65.0,1.0,0.7029978359226475,0.6412671030686393,0.6111732001520994,0.030093902916539905
13,shuffled,70.0,1.0,0.7029978359226474,0.6361695711976936,0.6066154269886266,0.02955414420906699
13,shuffled,75.0,1.0,0.7029978359226475,0.6297121078589445,0.6008054897982106,0.028906618060733913
13,shuffled,80.0,1.0,0.7029978359226474,0.6290117346159464,0.6001728069514701,0.028838927664476266
13,shuffled,85.0,1.0,0.7029978359226476,0.6326653860250672,0.6034720920128488,0.029193294012218374
13,shuffled,90.0,1.0,0.7029978359226475,0.6355111798744664,0.6060269744511029,0.029484205423363496
13,separated,0.0,1.0,0.7032591323543762,1.2511684227077693,1.1932049130275961,0.057963509680173164
13,separated,5.0,0.9999999999999998,0.7032591323543762,1.2511684227075637,1.1932049130273976,0.05796350968016606
13,separated,10.0,1.0,0.7032591323543762,1.251168422706948,1.1932049130268032,0.05796350968014474
13,separated,15.0,1.0,0.7032591323543762,1.251168422705927,1.1932049130258175,0.05796350968010944
13,separated,20.0,0.9999999999999998,0.7032591323543762,1.2511684227045081,1.1932049130244475,0.05796350968006059
13,separated,25.0,0.9999999999999998,0.7032591323543762,1.251168422702702,1.1932049130227036,0.057963509679998415
13,separated,30.0,1.0,0.7032591323543762,1.2511684227005215,1.1932049130205982,0.057963509679923364
13,separated,35.0,0.9999999999999998,0.7032591323543762,1.2511684226979825,1.1932049130181475,0.05796350967983499
13,separated,40.0,1.0,0.7032591323543762,1.251168422695104,1.1932049130153686,0.057963509679735514
13,separated,45.0,0.9999999999999998,0.7032591323543762,1.2511684226919075,1.193204913012282,0.0579635096796256
13,separated,50.0,1.0,0.7032591323543762,1.2511684226884159,1.1932049130089109,0.05796350967950503
13,separated,55.0,1.0,0.7032591323543762,1.2511684226846553,1.19320491300528,0.05796350967937536
13,separated,60.0,1.0,0.7032591323543762,1.251168422680653,1.193204913001416,0.057963509679237024
13,separated,65.0,0.9999999999999998,0.7032591323543762,1.2511684226764388,1.1932049129973477,0.05796350967909114
13,separated,70.0,1.0,0.7032591323543762,1.2511684226720436,1.193204912993104,0.057963509678939706
13,separated,75.0,1.0,0.7032591323543762,1.2511684226675006,1.1932049129887174,0.057963509678783165
13,separated,80.0,1.0,0.7032591323543762,1.2511684226628423,1.1932049129842206,0.05796350967862174
13,separated,85.0,0.9999999999999998,0.7032591323543762,1.2511684226581044,1.193204912979646,0.057963509678458314
13,separated,90.0,1.0,0.7032591323543762,1.2511684226533213,1.193204912975028,0.057963509678293335
14,coherent,0.0,1.0,0.7032102739733449,1.4202420170858074,1.3009555950002656,0.11928642208554185
14,coherent,5.0,1.0,0.7032102739733449,1.419897786464497,1.3006570506700057,0.11924073579449135
14,coherent,10.0,1.0,0.7032102739733449,1.418863855232521,1.2997603356767349,0.11910351955578613
14,coherent,15.0,1.0,0.7032102739733449,1.4171364889060891,1.298262189654435,0.11887429925165405
14,coherent,20.0,1.0,0.703210273973345,1.4147094082856373,1.2961571303883455,0.11855227789729184
14,coherent,25.0,1.0,0.7032102739733449,1.4115737052296564,1.2934373799539514,0.11813632527570506
14,coherent,30.0,1.0,0.7032102739733449,1.4077177213825056,1.2900927583287458,0.1176249630537598
14,coherent,35.0,1.0,0.7032102739733449,1.4031268863006356,1.286110541313097,0.11701634498753855
14,coherent,40.0,1.0,0.7032102739733449,1.3977835101029685,1.2814752784185703,0.11630823168439819
14,coherent,45.0,1.0,0.7032102739733449,1.3916665241933992,1.2761685649689674,0.11549795922443185
14,coherent,50.0,1.0,0.7032102739733449,1.3847511616690724,1.2701687609222385,0.1145824007468339
14,coherent,55.0,1.0,0.7032102739733449,1.3770085666090928,1.2634506467425417,0.11355791986655106
14,coherent,60.0,1.0,0.7032102739733449,1.3684053183624156,1.2559850038726763,0.11242031448973933
14,coherent,65.0,1.0,0.7032102739733449,1.3589028529855955,1.2477381037603352,0.11116474922526032
14,coherent,70.0,1.0,0.7032102739733449,1.3484567587947331,1.2386710846744933,0.10978567412023987
14,coherent,75.0,1.0,0.7032102739733449,1.337015916132438,1.228739189283113,0.10827672684932499
14,coherent,80.0,1.0,0.703210273973345,1.3245214422558278,1.2178908275377631,0.10663061471806468
14,coherent,85.0,1.0,0.7032102739733449,1.3109053897790865,1.2060664179344227,0.10483897184466384
14,coherent,90.0,1.0,0.7032102739733449,1.2960891299640496,1.193196944378624,0.10289218558542568
14,shuffled,0.0,1.0,0.703210273973345,0.5523378760290917,0.5293191653746473,0.023018710654444385
14,shuffled,5.0,1.0,0.7032102739733449,0.5508513080685855,0.5278332140948142,0.023018093973771303
14,shuffled,10.0,1.0,0.7032102739733449,0.5511809348408635,0.5280108129351636,0.023170121905699892
14,shuffled,15.0,1.0,0.7032102739733449,0.5458682547070521,0.5231378420505087,0.02273041265654341
14,shuffled,20.0,1.0,0.7032102739733449,0.5460656331080502,0.5233458146963428,0.02271981841170745
14,shuffled,25.0,1.0,0.7032102739733449,0.5419154212597738,0.5196028392397072,0.022312582020066585
14,shuffled,30.0,1.0,0.7032102739733449,0.5356083997305018,0.5138907359415341,0.021717663788967667
14,shuffled,35.0,1.0,0.7032102739733449,0.532185057644058,0.5108588535301628,0.021326204113895186
14,shuffled,40.0,1.0,0.7032102739733449,0.5308039913191374,0.5095407491657823,0.021263242153355066
14,shuffled,45.0,1.0,0.703210273973345,0.5354166179933554,0.513837333426695,0.02157928456666036
14,shuffled,50.0,1.0,0.7032102739733449,0.5408198041786038,0.5188386887807256,0.02198111539787817
14,shuffled,55.0,1.0,0.7032102739733449,0.5450817433309629,0.5227648444879688,0.02231689884299415
14,shuffled,60.0,1.0,0.703210273973345,0.548410602505926,0.5258073980143754,0.02260320449155062
14,shuffled,65.0,1.0,0.7032102739733449,0.5508919340091047,0.5280188898293018,0.02287304417980296
14,shuffled,70.0,1.0,0.7032102739733449,0.5534795374857748,0.5303238534680419,0.023155684017732936
14,shuffled,75.0,1.0,0.7032102739733449,0.5569918567332582,0.5334611543510422,0.023530702382215996
14,shuffled,80.0,1.0,0.7032102739733449,0.5607707792728976,0.536806518656822,0.023964260616075594
14,shuffled,85.0,1.0,0.7032102739733449,0.5608807815301519,0.536831094625333,0.0240496869048189
14,shuffled,90.0,1.0,0.7032102739733449,0.5567277532263964,0.5330443203253824,0.023683432901014045
14,separated,0.0,1.0000000000000002,0.7030433091033019,1.2511802507843262,1.193250254284394,0.057929996499932246
14,separated,5.0,1.0000000000000002,0.7030433091033018,1.2511802507841205,1.1932502542841952,0.05792999649992536
14,separated,10.0,1.0000000000000002,0.7030433091033018,1.2511802507835044,1.1932502542836003,0.057929996499904046
14,separated,15.0,1.0000000000000002,0.7030433091033018,1.2511802507824825,1.1932502542826136,0.05792999649986896
14,separated,20.0,1.0000000000000002,0.7030433091033019,1.2511802507810619,1.193250254281242,0.05792999649981989
14,separated,25.0,1.0000000000000002,0.7030433091033018,1.2511802507792535,1.1932502542794965,0.05792999649975705
14,separated,30.0,1.0000000000000002,0.7030433091033018,1.2511802507770708,1.1932502542773888,0.057929996499682
14,separated,35.0,1.0,0.7030433091033019,1.2511802507745293,1.193250254274935,0.057929996499594294
14,separated,40.0,1.0,0.7030433091033018,1.2511802507716485,1.1932502542721535,0.05792999649949504
14,separated,45.0,1.0000000000000002,0.7030433091033019,1.2511802507684482,1.193250254269064,0.05792999649938424
14,separated,50.0,1.0000000000000002,0.7030433091033019,1.2511802507649532,1.1932502542656895,0.05792999649926367
14,separated,55.0,1.0000000000000002,0.7030433091033018,1.2511802507611889,1.1932502542620549,0.057929996499133996
14,separated,60.0,1.0000000000000002,0.7030433091033019,1.251180250757182,1.1932502542581864,0.05792999649899566
14,separated,65.0,1.0000000000000002,0.7030433091033018,1.251180250752964,1.1932502542541144,0.057929996498849556
14,separated,70.0,1.0000000000000002,0.7030433091033019,1.2511802507485645,1.1932502542498664,0.05792999649869812
14,separated,75.0,1.0000000000000002,0.7030433091033018,1.2511802507440166,1.1932502542454755,0.057929996498541136
14,separated,80.0,1.0000000000000002,0.7030433091033018,1.251180250739354,1.1932502542409738,0.057929996498380154
14,separated,85.0,1.0000000000000002,0.7030433091033018,1.2511802507346108,1.1932502542363945,0.057929996498216285
14,separated,90.0,1.0000000000000002,0.7030433091033019,1.2511802507298226,1.1932502542317716,0.057929996498051084
15,coherent,0.0,0.9999999999999998,0.7031292131202548,1.4201691115750747,1.3009132013510971,0.11925591022397763
15,coherent,5.0,0.9999999999999997,0.7031292131202547,1.419824824288641,1.3006146067855107,0.11921021750313043
15,coherent,10.0,0.9999999999999998,0.7031292131202547,1.4187907235911434,1.2997177415292989,0.11907298206184458
15,coherent,15.0,0.9999999999999999,0.7031292131202547,1.4170630766064458,1.2982193465615774,0.11884373004486837
15,coherent,20.0,0.9999999999999998,0.7031292131202548,1.4146356068752246,1.2961139419633518,0.11852166491187277
15,coherent,25.0,0.9999999999999999,0.7031292131202547,1.411499410221555,1.2933937531388966,0.11810565708265841
15,coherent,30.0,0.9999999999999998,0.7031292131202547,1.4076428336134696,1.290048604545911,0.11759422906755868
15,coherent,35.0,0.9999999999999998,0.7031292131202547,1.403051313464331,1.2860657777735218,0.11698553569080916
15,coherent,40.0,0.9999999999999999,0.7031292131202547,1.3977071685030205,1.2814298296293603,0.11627733887366021
15,coherent,45.0,0.9999999999999999,0.7031292131202548,1.3915893407619722,1.2761223644833302,0.115466976278642
15,coherent,50.0,0.9999999999999998,0.7031292131202548,1.3846730762948907,1.2701217533766418,0.11455132291824888
15,coherent,55.0,0.9999999999999998,0.7031292131202547,1.3769295348111183,1.2634027902216447,0.11352674458947365
15,coherent,60.0,0.9999999999999999,0.7031292131202548,1.3683253143269585,1.2559362726308372,0.1123890416961213
15,coherent,65.0,0.9999999999999998,0.7031292131202548,1.3588218729472867,1.2476884913020119,0.11113338164527486
15,coherent,70.0,0.9999999999999998,0.7031292131202547,1.348374824672211,1.2386206071438124,0.10975421752839853
15,coherent,75.0,0.9999999999999998,0.7031292131202548,1.3369330792061296,1.2286878890173643,0.10824519018876533
15,coherent,80.0,0.9999999999999999,0.7031292131202548,1.3244377864628891,1.2178387764712661,0.10659900999162297
15,coherent,85.0,0.9999999999999999,0.7031292131202548,1.3108210338432822,1.2060137202505896,0.10480731359269257
15,coherent,90.0,0.9999999999999998,0.7031292131202547,1.2960042269873553,1.1931437373227896,0.10286048966456574
15,shuffled,0.0,0.9999999999999999,0.7031292131202547,0.5945966932336725,0.5688767428648107,0.025719950368861766
15,shuffled,5.0,0.9999999999999998,0.7031292131202547,0.5937371830019785,0.5679893202294584,0.02574786277252017
15,shuffled,10.0,0.9999999999999999,0.7031292131202548,0.5936521400062766,0.5677810597557262,0.025871080250550405
15,shuffled,15.0,1.0,0.7031292131202547,0.5978838834826907,0.5713466545782444,0.02653722890444632
15,shuffled,20.0,0.9999999999999998,0.7031292131202547,0.594698207829607,0.5682762260104438,0.02642198181916322
15,shuffled,25.0,0.9999999999999998,0.7031292131202547,0.5875130698820847,0.5616984978307975,0.025814572051287232
15,shuffled,30.0,0.9999999999999998,0.7031292131202547,0.576447782476381,0.5515865464868271,0.02486123598955381
15,shuffled,35.0,0.9999999999999998,0.7031292131202547,0.5758678223544145,0.5509161400551379,0.02495168229927658
15,shuffled,40.0,0.9999999999999999,0.7031292131202547,0.5803419630574632,0.554810172978545,0.02553179007891826
15,shuffled,45.0,0.9999999999999998,0.7031292131202547,0.5826148383777687,0.5567401991882338,0.02587463918953492
15,shuffled,50.0,0.9999999999999998,0.7031292131202547,0.5955380217038909,0.5685099720686004,0.027028049635290485
15,shuffled,55.0,0.9999999999999999,0.7031292131202548,0.5928311163772225,0.565791377530231,0.027039738846991512
15,shuffled,60.0,1.0,0.7031292131202547,0.5966475099091834,0.5691997298488595,0.02744778006032389
15,shuffled,65.0,0.9999999999999998,0.7031292131202546,0.602688410001981,0.5746312857128453,0.02805712428913576
15,shuffled,70.0,0.9999999999999999,0.7031292131202547,0.6039360699813544,0.5756956605790479,0.028240409402306543
15,shuffled,75.0,0.9999999999999999,0.7031292131202547,0.6064011355267929,0.5779033199908833,0.028497815535909576
15,shuffled,80.0,0.9999999999999998,0.7031292131202547,0.6087084745818255,0.5799748920710748,0.028733582510750755
15,shuffled,85.0,0.9999999999999998,0.7031292131202547,0.6108708061080348,0.5819225289803726,0.028948277127662236
15,shuffled,90.0,0.9999999999999998,0.7031292131202547,0.6122346876079863,0.5831511393754484,0.029083548232537892
15,separated,0.0,0.9999999999999999,0.7030046660206516,1.2512414051377576,1.1933034056080132,0.05793799952974443
15,separated,5.0,0.9999999999999999,0.7030046660206516,1.2512414051375518,1.1933034056078142,0.05793799952973755
15,separated,10.0,0.9999999999999999,0.7030046660206516,1.2512414051369358,1.1933034056072198,0.05793799952971601
15,separated,15.0,0.9999999999999999,0.7030046660206516,1.2512414051359142,1.1933034056062335,0.057937999529680706
15,separated,20.0,0.9999999999999999,0.7030046660206516,1.2512414051344944,1.1933034056048628,0.057937999529631634
15,separated,25.0,0.9999999999999999,0.7030046660206516,1.2512414051326868,1.1933034056031175,0.05793799952956924
15,separated,30.0,1.0,0.7030046660206516,1.251241405130505,1.1933034056010108,0.05793799952949419
15,separated,35.0,0.9999999999999999,0.7030046660206516,1.2512414051279646,1.193303405598558,0.05793799952940648
15,separated,40.0,0.9999999999999999,0.7030046660206516,1.2512414051250844,1.1933034055957772,0.05793799952930723
15,separated,45.0,0.9999999999999999,0.7030046660206516,1.2512414051218854,1.1933034055926888,0.05793799952919665
15,separated,50.0,0.9999999999999999,0.7030046660206516,1.2512414051183918,1.193303405589316,0.057937999529075856
15,separated,55.0,1.0,0.7030046660206516,1.2512414051146283,1.1933034055856824,0.05793799952894596
15,separated,60.0,0.9999999999999999,0.7030046660206516,1.2512414051106238,1.1933034055818157,0.05793799952880807
15,separated,65.0,0.9999999999999999,0.7030046660206516,1.251241405106407,1.1933034055777445,0.05793799952866241
15,separated,70.0,0.9999999999999999,0.7030046660206516,1.2512414051020089,1.1933034055734986,0.05793799952851031
15,separated,75.0,0.9999999999999999,0.7030046660206516,1.2512414050974627,1.1933034055691092,0.057937999528353545
15,separated,80.0,0.9999999999999999,0.7030046660206516,1.2512414050928016,1.193303405564609,0.05793799952819256
15,separated,85.0,0.9999999999999999,0.7030046660206516,1.2512414050880605,1.1933034055600313,0.05793799952802914
15,separated,90.0,0.9999999999999999,0.7030046660206516,1.251241405083274,1.1933034055554104,0.057937999527863715
16,coherent,0.0,0.9999999999999998,0.7031016237390126,1.420275418519938,1.3010154068437976,0.11926001167614042
16,coherent,5.0,0.9999999999999998,0.7031016237390125,1.4199312162863393,1.3007168796205983,0.119214336665741
16,coherent,10.0,1.0,0.7031016237390126,1.41889737031687,1.2998202159803756,0.11907715433649435
16,coherent,15.0,0.9999999999999998,0.7031016237390126,1.4171701464321491,1.2983221556570435,0.11884799077510566
16,coherent,20.0,1.0,0.7031016237390126,1.4147432659618104,1.296217216617563,0.11852604934424749
16,coherent,25.0,0.9999999999999998,0.7031016237390126,1.4116078215541803,1.293497621226321,0.11811020032785935
16,coherent,30.0,0.9999999999999998,0.7031016237390125,1.4077521559606148,1.2901531898978993,0.11759896606271547
16,coherent,35.0,0.9999999999999998,0.7031016237390125,1.403161700245739,1.286171199080498,0.11699050116524101
16,coherent,40.0,0.9999999999999998,0.7031016237390125,1.3978187665587312,1.2815361992365861,0.11628256732214504
16,coherent,45.0,0.9999999999999998,0.7031016237390126,1.391702289026036,1.2762297870771118,0.11547250194892422
16,coherent,50.0,0.9999999999999998,0.7031016237390125,1.3847875043950693,1.2702303245717441,0.11455717982332514
16,coherent,55.0,0.9999999999999998,0.7031016237390125,1.3770455616432522,1.2635125950825723,0.1135329665606799
16,coherent,60.0,0.9999999999999998,0.7031016237390126,1.3684430466946365,1.2560473841936617,0.11239566250097477
16,coherent,65.0,0.9999999999999998,0.7031016237390126,1.3589414044213957,1.24780096921604,0.11114043520535577
16,coherent,70.0,0.9999999999999998,0.7031016237390124,1.3484962349220233,1.2387344966331995,0.10976173828882385
16,coherent,75.0,0.9999999999999998,0.7031016237390125,1.337056434200822,1.2288032204866586,0.10825321371416341
16,coherent,80.0,0.9999999999999998,0.7031016237390125,1.3245631401652802,1.217955566268395,0.10660757389688524
16,coherent,85.0,0.9999999999999998,0.7031016237390126,1.3109484323548066,1.2061319733904547,0.10481645896435188
16,coherent,90.0,1.0,0.7031016237390126,1.2961337166123894,1.193263453416622,0.10287026319576742
16,shuffled,0.0,0.9999999999999998,0.7031016237390126,0.6123126925778238,0.5852708969512795,0.027041795626544296
16,shuffled,5.0,0.9999999999999998,0.7031016237390126,0.6130575440946483,0.585834578280557,0.027222965814091338
16,shuffled,10.0,0.9999999999999998,0.7031016237390126,0.6137798631968805,0.5864341605350547,0.027345702661825788
16,shuffled,15.0,0.9999999999999999,0.7031016237390125,0.6111059899569486,0.5840558542095344,0.027050135747414217
16,shuffled,20.0,1.0,0.7031016237390125,0.607871583373996,0.5811666059786028,0.026704977395393237
16,shuffled,25.0,0.9999999999999998,0.7031016237390127,0.6068447580474724,0.5802646765470755,0.026580081500396924
16,shuffled,30.0,1.0,0.7031016237390125,0.6157346418722776,0.5882242312825533,0.027510410589724255
16,shuffled,35.0,0.9999999999999998,0.7031016237390126,0.6245772882910086,0.5960559183062376,0.02852136998477095
16,shuffled,40.0,0.9999999999999998,0.7031016237390126,0.6200408651558664,0.5919935472863179,0.028047317869548505
16,shuffled,45.0,0.9999999999999998,0.7031016237390126,0.6123355422448901,0.5851019905042003,0.027233551740689754
16,shuffled,50.0,0.9999999999999998,0.7031016237390126,0.6099418301165838,0.5829319146299875,0.02700991548659626
16,shuffled,55.0,0.9999999999999998,0.7031016237390126,0.6052316202320497,0.5786438980790043,0.02658772215304539
16,shuffled,60.0,0.9999999999999998,0.7031016237390126,0.5935532275508173,0.5680960245125466,0.025457203038270704
16,shuffled,65.0,0.9999999999999998,0.7031016237390124,0.5864535326144813,0.5616189356958805,0.024834596918600793
16,shuffled,70.0,0.9999999999999999,0.7031016237390126,0.5760583820293549,0.5521294233976249,0.023928958631729946
16,shuffled,75.0,0.9999999999999998,0.7031016237390125,0.5691594940765835,0.545764999815091,0.023394494261492538
16,shuffled,80.0,0.9999999999999998,0.7031016237390126,0.5719108393409801,0.5482059470992162,0.023704892241763864
16,shuffled,85.0,0.9999999999999998,0.7031016237390126,0.5688067072973969,0.5452762581768179,0.023530449120579
16,shuffled,90.0,0.9999999999999998,0.7031016237390126,0.563073846172906,0.5399545830515518,0.02311926312135426
16,separated,0.0,0.9999999999999998,0.7030888203520935,1.2512139704737901,1.1932817033336558,0.05793226714013433
16,separated,5.0,0.9999999999999998,0.7030888203520935,1.2512139704735845,1.193281703333457,0.05793226714012745
16,separated,10.0,0.9999999999999998,0.7030888203520935,1.2512139704729686,1.1932817033328624,0.05793226714010613
16,separated,15.0,0.9999999999999998,0.7030888203520935,1.2512139704719474,1.193281703331876,0.05793226714007127
16,separated,20.0,0.9999999999999998,0.7030888203520935,1.2512139704705276,1.1932817033305059,0.057932267140021754
16,separated,25.0,0.9999999999999998,0.7030888203520935,1.2512139704687204,1.193281703328761,0.05793226713995936
16,separated,30.0,0.9999999999999998,0.7030888203520935,1.251213970466539,1.193281703326655,0.057932267139884086
16,separated,35.0,0.9999999999999998,0.7030888203520935,1.251213970463999,1.1932817033242025,0.0579322671397966
16,separated,40.0,0.9999999999999998,0.7030888203520935,1.2512139704611194,1.1932817033214225,0.0579322671396969
16,separated,45.0,0.9999999999999998,0.7030888203520935,1.2512139704579215,1.1932817033183347,0.05793226713958677
16,separated,50.0,0.9999999999999998,0.7030888203520935,1.2512139704544285,1.193281703314962,0.05793226713946642
16,separated,55.0,0.9999999999999998,0.7030888203520935,1.251213970450666,1.1932817033113297,0.0579322671393363
16,separated,60.0,0.9999999999999998,0.7030888203520935,1.2512139704466618,1.1932817033074639,0.05793226713919797
16,separated,65.0,0.9999999999999998,0.7030888203520935,1.2512139704424459,1.1932817033033931,0.05793226713905275
16,separated,70.0,0.9999999999999998,0.7030888203520935,1.2512139704380487,1.193281703299148,0.05793226713890065
16,separated,75.0,0.9999999999999998,0.7030888203520935,1.2512139704335037,1.1932817032947596,0.05793226713874411
16,separated,80.0,0.9999999999999998,0.7030888203520935,1.2512139704288436,1.1932817032902605,0.05793226713858313
16,separated,85.0,0.9999999999999998,0.7030888203520935,1.251213970424103,1.1932817032856837,0.05793226713841926
16,separated,90.0,0.9999999999999998,0.7030888203520935,1.2512139704193177,1.1932817032810634,0.05793226713825428
17,coherent,0.0,1.0,0.7030464851003346,1.4204312122184615,1.3011555075479602,0.1192757046705013
17,coherent,5.0,1.0,0.7030464851003346,1.4200868790666175,1.3008568724127745,0.11923000665384298
17,coherent,10.0,1.0,0.7030464851003347,1.4190526390814535,1.2999598839805429,0.11909275510091066
17,coherent,15.0,1.0,0.7030464851003346,1.4173247542732044,1.2984612787933758,0.11886347547982856
17,coherent,20.0,1.0,0.7030464851003347,1.4148969395282294,1.2963555694188673,0.11854137010936205
17,coherent,25.0,1.0,0.7030464851003346,1.4117602782764511,1.2936349704919003,0.11812530778455077
17,coherent,30.0,1.0,0.7030464851003347,1.407903101069818,1.2902892921896172,0.11761380888020079
17,coherent,35.0,1.0,0.7030464851003346,1.4033108235160723,1.2863057979753083,0.11700502554076397
17,coherent,40.0,1.0,0.7030464851003347,1.3979657386936046,1.281669022269019,0.11629671642458561
17,coherent,45.0,1.0,0.7030464851003346,1.3918467575959155,1.2763605422898352,0.11548621530608028
17,coherent,50.0,1.0000000000000002,0.7030464851003347,1.3849290892206743,1.270358696578136,0.11457039264253832
17,coherent,55.0,1.0,0.7030464851003349,1.377183849500552,1.263638240527954,0.11354560897259791
17,coherent,60.0,1.0000000000000002,0.7030464851003349,1.3685775851987538,1.2561699264815684,0.11240765871718539
17,coherent,65.0,1.0,0.7030464851003346,1.35907169492634,1.247919992343095,0.11115170258324492
17,coherent,70.0,1.0,0.7030464851003347,1.3486217242548397,1.2388495379524025,0.10977218630243724
17,coherent,75.0,1.0,0.7030464851003346,1.3371765050376745,1.2289137621975477,0.10826274284012682
17,coherent,80.0,1.0,0.7030464851003346,1.3246770998631763,1.218061025420374,0.10661607444280219
17,coherent,85.0,1.0000000000000004,0.7030464851003346,1.3110555000944892,1.2062316901955328,0.10482380989895645
17,coherent,90.0,1.0000000000000004,0.7030464851003346,1.2962330088180964,1.1933566777237998,0.10287633109429661
17,shuffled,0.0,1.0,0.7030464851003347,0.5288761704571739,0.5064210702222958,0.022455100234878178
17,shuffled,5.0,1.0000000000000004,0.7030464851003346,0.5345273468598712,0.5114556938871758,0.023071652972695422
17,shuffled,10.0,1.0000000000000004,0.7030464851003346,0.5380367527049938,0.5146477005367666,0.023389052168227287
17,shuffled,15.0,1.0,0.7030464851003346,0.5409415330640684,0.517346870485629,0.02359466257843945
17,shuffled,20.0,1.0000000000000004,0.7030464851003346,0.5436320395112754,0.5198520968211205,0.02377994269015482
17,shuffled,25.0,1.0,0.7030464851003346,0.5471307179705389,0.523119842054342,0.024010875916196883
17,shuffled,30.0,1.0,0.7030464851003346,0.5515555431248723,0.5272456111138867,0.024309932010985635
17,shuffled,35.0,1.0,0.7030464851003349,0.5569831097560634,0.5323087819560371,0.024674327800026208
17,shuffled,40.0,1.0,0.7030464851003346,0.5640792188661998,0.5389431507606138,0.025136068105585996
17,shuffled,45.0,1.0000000000000002,0.7030464851003349,0.5729874351698453,0.5472777484381135,0.025709686731731796
17,shuffled,50.0,1.0000000000000004,0.7030464851003346,0.5823946569443793,0.55608004499164,0.02631461195273932
17,shuffled,55.0,1.0000000000000002,0.7030464851003347,0.5916114507877036,0.5646890584707803,0.026922392316923283
17,shuffled,60.0,1.0000000000000004,0.7030464851003347,0.6008431669442339,0.5732918663627928,0.027551300581441063
17,shuffled,65.0,1.0,0.7030464851003346,0.6091829528690156,0.5810525427149084,0.02813041015410722
17,shuffled,70.0,1.0,0.7030464851003346,0.6161148959164412,0.5875123501564424,0.028602545759998765
17,shuffled,75.0,1.0000000000000002,0.7030464851003346,0.6213596051090605,0.5924159459805747,0.028943659128485844
17,shuffled,80.0,1.0,0.7030464851003349,0.6265343475759189,0.5972430391178221,0.0292913084580968
17,shuffled,85.0,1.0,0.7030464851003346,0.640265505061959,0.6100209025613417,0.030244602500617335
17,shuffled,90.0,1.0,0.7030464851003347,0.6394346204356661,0.6094198555310809,0.03001476490458521
17,separated,0.0,1.0,0.7029671755471958,1.251265067431307,1.1933222650824138,0.05794280234889326
17,separated,5.0,1.0,0.7029671755471958,1.2512650674311012,1.193322265082215,0.05794280234888616
17,separated,10.0,1.0,0.7029671755471958,1.2512650674304853,1.1933222650816204,0.05794280234886484
17,separated,15.0,1.0,0.7029671755471959,1.2512650674294639,1.193322265080634,0.05794280234882976
17,separated,20.0,1.0,0.7029671755471958,1.2512650674280443,1.1933222650792636,0.057942802348780686
17,separated,25.0,1.0,0.7029671755471958,1.2512650674262369,1.193322265077519,0.05794280234871785
17,separated,30.0,1.0,0.702967175547196,1.2512650674240549,1.193322265075412,0.0579428023486428
17,separated,35.0,1.0,0.7029671755471958,1.2512650674215153,1.19332226507296,0.05794280234855531
17,separated,40.0,1.0,0.7029671755471958,1.2512650674186356,1.1933222650701796,0.05794280234845606
17,separated,45.0,1.0,0.7029671755471958,1.2512650674154369,1.1933222650670916,0.05794280234834526
17,separated,50.0,1.0,0.7029671755471958,1.2512650674119437,1.1933222650637187,0.05794280234822491
17,separated,55.0,1.0,0.7029671755471958,1.2512650674081809,1.193322265060086,0.05794280234809479
17,separated,60.0,1.0,0.702967175547196,1.251265067404176,1.1933222650562194,0.05794280234795668
17,separated,65.0,1.0,0.7029671755471958,1.2512650673999601,1.1933222650521491,0.05794280234781102
17,separated,70.0,1.0,0.7029671755471958,1.2512650673955628,1.1933222650479038,0.05794280234765892
17,separated,75.0,1.0,0.7029671755471959,1.251265067391017,1.193322265043515,0.057942802347502154
17,separated,80.0,1.0,0.7029671755471958,1.2512650673863568,1.1933222650390154,0.05794280234734139
17,separated,85.0,1.0,0.7029671755471958,1.2512650673816164,1.1933222650344382,0.05794280234717819
17,separated,90.0,1.0,0.7029671755471958,1.2512650673768306,1.1933222650298176,0.05794280234701299
18,coherent,0.0,1.0000000000000002,0.7032290026619613,1.4201275268232834,1.3008626538726922,0.11926487295059118
18,coherent,5.0,1.0000000000000004,0.7032290026619613,1.419783357232647,1.3005641641673307,0.11921919306531636
18,coherent,10.0,1.0000000000000002,0.7032290026619613,1.4187496096179066,1.2996676135168794,0.11908199610102721
18,coherent,15.0,1.0000000000000004,0.7032290026619613,1.4170225510833228,1.298169742970268,0.11885280811305465
18,coherent,20.0,1.0000000000000002,0.7032290026619613,1.4145959051184267,1.2960650727070824,0.11853083241134432
18,coherent,25.0,1.0000000000000004,0.7032290026619613,1.4114607674388213,1.2933458282336638,0.11811493920515748
18,coherent,30.0,1.0000000000000004,0.7032290026619614,1.4076054848148647,1.2900018340809807,0.11760365073388401
18,coherent,35.0,1.0000000000000004,0.7032290026619613,1.4030154933403196,1.2860203718472443,0.11699512149307534
18,coherent,40.0,1.0000000000000002,0.7032290026619613,1.3976731112772425,1.2813859982527958,0.11628711302444672
18,coherent,45.0,1.0000000000000002,0.7032290026619613,1.3915572800389677,1.276080317464799,0.11547696257416873
18,coherent,50.0,1.0000000000000002,0.7032290026619612,1.3846432449425121,1.2700817002155815,0.11456154472693059
18,coherent,55.0,1.0000000000000004,0.7032290026619614,1.376902164946681,1.2633649400634621,0.11353722488321893
18,coherent,60.0,1.0000000000000002,0.7032290026619613,1.368300637519865,1.255900834369533,0.11239980315033193
18,coherent,65.0,1.0000000000000002,0.7032290026619614,1.358800120815461,1.247655673969813,0.11114444684564795
18,coherent,70.0,1.0000000000000002,0.7032290026619613,1.3483562301446397,1.2385906208049309,0.1097656093397088
18,coherent,75.0,1.0000000000000004,0.7032290026619613,1.3369178788625806,1.228660946497874,0.10825693236470668
18,coherent,80.0,1.0000000000000002,0.7032290026619613,1.3244262245636813,1.217815096425713,0.10661112813796825
18,coherent,85.0,1.0000000000000002,0.7032290026619613,1.3108133689537,1.2059935323120676,0.10481983664163241
18,coherent,90.0,1.0000000000000004,0.7032290026619614,1.2960007425201356,1.1931272904402266,0.10287345207990906
18,shuffled,0.0,1.0000000000000004,0.7032290026619614,0.5240072134309334,0.5025539731338131,0.021453240297120257
18,shuffled,5.0,1.0000000000000002,0.7032290026619613,0.5297976677680675,0.5078279732312659,0.02196969453680153
18,shuffled,10.0,1.0000000000000002,0.7032290026619613,0.5377159722929744,0.5150396763670908,0.022676295925883605
18,shuffled,15.0,1.0000000000000002,0.7032290026619612,0.5271186996140972,0.5055316562808487,0.021587043333248457
18,shuffled,20.0,1.0000000000000002,0.7032290026619613,0.5230027157803488,0.5018652511523682,0.021137464627980607
18,shuffled,25.0,1.0000000000000002,0.7032290026619615,0.5218505471084217,0.5008982244522029,0.020952322656218825
18,shuffled,30.0,1.0000000000000002,0.7032290026619613,0.5229670459420358,0.5020114251134095,0.020955620828626342
18,shuffled,35.0,1.0000000000000002,0.7032290026619615,0.5264681991474273,0.5053356103935559,0.021132588753871362
18,shuffled,40.0,1.0000000000000002,0.7032290026619614,0.5306427641349297,0.5092809413605879,0.021361822774341843
18,shuffled,45.0,1.0000000000000002,0.7032290026619613,0.5381841105554985,0.5163858812906781,0.021798229264820446
18,shuffled,50.0,1.0000000000000002,0.7032290026619614,0.5432259651239216,0.5211485250766406,0.02207744004728107
18,shuffled,55.0,1.0000000000000002,0.7032290026619614,0.5419293179922714,0.5200929637489381,0.0218363542433333
18,shuffled,60.0,1.0000000000000004,0.7032290026619612,0.5360671710703586,0.5148706161672706,0.021196554903088027
18,shuffled,65.0,1.0000000000000002,0.7032290026619614,0.5408856714992186,0.5194173985727368,0.02146827292648179
18,shuffled,70.0,1.0000000000000002,0.7032290026619613,0.538425005248189,0.5172493708893027,0.021175634358886364
18,shuffled,75.0,1.0000000000000002,0.7032290026619613,0.5494595801995905,0.5276339803191245,0.021825599880466062
18,shuffled,80.0,1.0000000000000004,0.7032290026619613,0.562662410213464,0.5398896138145685,0.022772796398895512
18,shuffled,85.0,1.0000000000000002,0.7032290026619612,0.5737407630787855,0.550142261349464,0.02359850172932154
18,shuffled,90.0,1.0000000000000004,0.7032290026619613,0.5786286686118627,0.5547220271654512,0.023906641446411525
18,separated,0.0,0.9999999999999999,0.7031266676883741,1.2512216217200696,1.193286900987378,0.05793472073269146
18,separated,5.0,0.9999999999999999,0.7031266676883741,1.2512216217198637,1.1932869009871794,0.05793472073268435
18,separated,10.0,0.9999999999999999,0.7031266676883741,1.251221621719248,1.1932869009865847,0.05793472073266326
18,separated,15.0,0.9999999999999999,0.7031266676883741,1.2512216217182266,1.1932869009855984,0.057934720732628175
18,separated,20.0,0.9999999999999999,0.7031266676883742,1.2512216217168066,1.1932869009842275,0.057934720732579104
18,separated,25.0,0.9999999999999999,0.7031266676883742,1.2512216217149994,1.1932869009824831,0.057934720732516265
18,separated,30.0,0.9999999999999999,0.7031266676883742,1.2512216217128178,1.1932869009803766,0.057934720732441214
18,separated,35.0,0.9999999999999999,0.7031266676883741,1.2512216217102783,1.1932869009779246,0.05793472073235373
18,separated,40.0,0.9999999999999999,0.7031266676883742,1.2512216217073981,1.1932869009751441,0.05793472073225403
18,separated,45.0,0.9999999999999999,0.7031266676883741,1.2512216217042003,1.1932869009720566,0.057934720732143674
18,separated,50.0,0.9999999999999999,0.7031266676883741,1.251221621700707,1.193286900968684,0.057934720732023104
18,separated,55.0,0.9999999999999999,0.7031266676883742,1.2512216216969443,1.1932869009650509,0.05793472073189343
18,separated,60.0,0.9999999999999999,0.7031266676883741,1.2512216216929404,1.1932869009611855,0.057934720731754874
18,separated,65.0,0.9999999999999999,0.7031266676883742,1.251221621688724,1.1932869009571148,0.05793472073160921
18,separated,70.0,0.9999999999999999,0.7031266676883741,1.2512216216843273,1.1932869009528693,0.057934720731458
18,separated,75.0,0.9999999999999999,0.7031266676883741,1.251221621679782,1.193286900948481,0.057934720731301015
18,separated,80.0,1.0,0.7031266676883741,1.2512216216751215,1.1932869009439815,0.05793472073114003
18,separated,85.0,0.9999999999999999,0.7031266676883741,1.2512216216703813,1.1932869009394047,0.05793472073097661
18,separated,90.0,0.9999999999999999,0.7031266676883741,1.2512216216655956,1.1932869009347846,0.05793472073081096
19,coherent,0.0,1.0,0.7030129893301322,1.4202563291058385,1.3010079166902118,0.11924841241562678
19,coherent,5.0,0.9999999999999999,0.7030129893301322,1.419912073294563,1.3007093384067747,0.11920273488778821
19,coherent,10.0,0.9999999999999999,0.7030129893301322,1.4188780679432724,1.2998125227303985,0.11906554521287394
19,coherent,15.0,0.9999999999999999,0.7030129893301322,1.417150582950635,1.298314212850596,0.118836370100039
19,coherent,20.0,1.0,0.7030129893301322,1.4147233465248008,1.2962089325671233,0.11851441395767748
19,coherent,25.0,1.0,0.7030129893301322,1.4115874611171197,1.293488912565863,0.11809854855125668
19,coherent,30.0,1.0,0.7030129893301325,1.407731282382969,1.290143984230414,0.11758729815255498
19,coherent,35.0,1.0,0.7030129893301322,1.4031402576239314,1.28616143783448,0.11697881978945146
19,coherent,40.0,1.0,0.7030129893301322,1.3977967188506069,1.2815258407855132,0.11627087806509362
19,coherent,45.0,1.0,0.7030129893301322,1.3916796240320193,1.2762188101811265,0.1154608138508928
19,coherent,50.0,0.9999999999999999,0.7030129893301323,1.384764238168598,1.2702187322075322,0.11454550596106583
19,coherent,55.0,1.0,0.7030129893301322,1.377021743413172,1.2635004187364882,0.11352132467668374
19,coherent,60.0,1.0,0.7030129893301322,1.3684187643959933,1.2560346887052856,0.11238407569070774
19,coherent,65.0,1.0,0.7030129893301323,1.358916790950445,1.2477878582760622,0.11112893267438273
19,coherent,70.0,0.9999999999999999,0.7030129893301323,1.3484714752590077,1.2387211190629597,0.109750356196048
19,coherent,75.0,0.9999999999999999,0.7030129893301323,1.3370317735846902,1.2287897774603675,0.10824199612432261
19,coherent,80.0,0.9999999999999999,0.7030129893301322,1.3245388935652997,1.2179423196886328,0.10659657387666699
19,coherent,85.0,1.0,0.7030129893301323,1.3109249955766193,1.206119255702046,0.10480573987457342
19,coherent,90.0,1.0,0.7030129893301322,1.296111579519979,1.1932516792585297,0.1028599002614492
19,shuffled,0.0,0.9999999999999999,0.7030129893301322,0.5874856307566064,0.5608291790206832,0.026656451735923237
19,shuffled,5.0,1.0,0.7030129893301322,0.586777009139976,0.5601014054201047,0.02667560371987132
19,shuffled,10.0,1.0,0.7030129893301322,0.585940672031875,0.5592537460050576,0.026686926026817437
19,shuffled,15.0,1.0,0.7030129893301323,0.5846701145361916,0.5580025503883,0.02666756414789151
19,shuffled,20.0,1.0,0.7030129893301322,0.5824408492857028,0.5558711883049156,0.02656966098078728
19,shuffled,25.0,1.0,0.7030129893301321,0.5785952021178348,0.5522739406637358,0.026321261454098965
19,shuffled,30.0,1.0,0.7030129893301322,0.5730618762340635,0.5471672014177523,0.025894674816311136
19,shuffled,35.0,1.0,0.7030129893301322,0.562225924750686,0.5373218748305824,0.024904049920103644
19,shuffled,40.0,1.0,0.7030129893301322,0.5729763326610475,0.5470136166633291,0.025962715997718377
19,shuffled,45.0,0.9999999999999999,0.7030129893301322,0.5780529011498675,0.5516470341385139,0.026405867011353612
19,shuffled,50.0,0.9999999999999999,0.7030129893301322,0.5800256781190856,0.5535682327367019,0.026457445382383704
19,shuffled,55.0,1.0,0.7030129893301323,0.583081434349449,0.5564790773010728,0.026602357048376213
19,shuffled,60.0,1.0,0.7030129893301322,0.5885629110829762,0.5615855630123465,0.02697734807062968
19,shuffled,65.0,0.9999999999999999,0.7030129893301322,0.5933578833002731,0.5659962369442904,0.027361646355982705
19,shuffled,70.0,0.9999999999999999,0.7030129893301325,0.5945963448329741,0.5673004602675468,0.02729588456542731
19,shuffled,75.0,1.0,0.7030129893301322,0.5944127191200684,0.5673665121205244,0.027046206999544076
19,shuffled,80.0,1.0,0.7030129893301323,0.5967362812608568,0.569674189081329,0.027062092179527708
19,shuffled,85.0,0.9999999999999999,0.7030129893301323,0.5996962467365611,0.5725279386237244,0.02716830811283666
19,shuffled,90.0,1.0,0.7030129893301322,0.6022631371743685,0.5750003333737993,0.027262803800569224
19,separated,0.0,1.0000000000000002,0.7030878893040395,1.2511868006474833,1.1932435538074524,0.05794324684003094
19,separated,5.0,1.0000000000000002,0.7030878893040395,1.2511868006472777,1.1932435538072539,0.05794324684002383
19,separated,10.0,1.0000000000000002,0.7030878893040395,1.251186800646662,1.1932435538066593,0.05794324684000274
19,separated,15.0,1.0000000000000002,0.7030878893040395,1.2511868006456406,1.193243553805673,0.057943246839967655
19,separated,20.0,1.0000000000000002,0.7030878893040395,1.251186800644221,1.1932435538043027,0.05794324683991836
19,separated,25.0,1.0000000000000002,0.7030878893040395,1.2511868006424138,1.1932435538025579,0.057943246839855966
19,separated,30.0,1.0000000000000002,0.7030878893040395,1.2511868006402327,1.193243553800452,0.05794324683978069
19,separated,35.0,1.0000000000000002,0.7030878893040395,1.2511868006376923,1.1932435537979997,0.05794324683969254
19,separated,40.0,1.0000000000000002,0.7030878893040395,1.251186800634813,1.1932435537952195,0.05794324683959351
19,separated,45.0,1.0000000000000002,0.7030878893040395,1.2511868006316151,1.193243553792132,0.05794324683948315
19,separated,50.0,1.0000000000000002,0.7030878893040395,1.251186800628122,1.1932435537887593,0.05794324683936258
19,separated,55.0,1.0000000000000002,0.7030878893040394,1.2511868006243598,1.1932435537851271,0.05794324683923269
19,separated,60.0,1.0000000000000002,0.7030878893040395,1.251186800620356,1.1932435537812616,0.05794324683909435
19,separated,65.0,1.0000000000000002,0.7030878893040395,1.25118680061614,1.193243553777191,0.057943246838948914
19,separated,70.0,1.0000000000000002,0.7030878893040395,1.2511868006117433,1.1932435537729462,0.057943246838797036
19,separated,75.0,1.0000000000000002,0.7030878893040395,1.251186800607198,1.1932435537685575,0.057943246838640494
19,separated,80.0,1.0000000000000002,0.7030878893040396,1.251186800602538,1.1932435537640582,0.057943246838479734
19,separated,85.0,1.0000000000000002,0.7030878893040395,1.2511868005977977,1.1932435537594817,0.05794324683831609
19,separated,90.0,1.0000000000000002,0.7030878893040395,1.2511868005930127,1.1932435537548618,0.057943246838150886
20,coherent,0.0,0.9999999999999999,0.7030708699555658,1.4202405156515296,1.3009866458639916,0.11925386978753805
20,coherent,5.0,0.9999999999999999,0.7030708699555658,1.4198963038161794,1.3006881062751714,0.11920819754100798
20,coherent,10.0,0.9999999999999999,0.7030708699555658,1.4188624299487202,1.2997914062894074,0.11907102365931288
20,coherent,15.0,0.9999999999999998,0.7030708699555657,1.4171351626092255,1.298293287909521,0.11884187469970442
20,coherent,20.0,0.9999999999999998,0.7030708699555659,1.4147082277524443,1.2961882729342213,0.11851995481822297
20,coherent,25.0,0.9999999999999999,0.7030708699555657,1.4115727246282956,1.2934685891992697,0.11810413542902598
20,coherent,30.0,0.9999999999999999,0.7030708699555658,1.4077170046970668,1.2901240643407743,0.11759294035629253
20,coherent,35.0,0.9999999999999998,0.703070869955566,1.403126510014766,1.2861419839262642,0.11698452608850185
20,coherent,40.0,0.9999999999999998,0.7030708699555658,1.3977835662299156,1.2815069096250677,0.11627665660484787
20,coherent,45.0,0.9999999999999999,0.7030708699555657,1.3916671237610525,1.276200451681452,0.11546667207960049
20,coherent,50.0,0.9999999999999999,0.7030708699555658,1.3847524387973194,1.2702009882232714,0.11455145057404792
20,coherent,55.0,0.9999999999999998,0.7030708699555659,1.3770106833551057,1.2634833217684314,0.11352736158667431
20,coherent,60.0,0.9999999999999998,0.7030708699555659,1.3684084705603095,1.256018260523441,0.11239021003686855
20,coherent,65.0,0.9999999999999999,0.7030708699555659,1.3589072773740418,1.2477721084860944,0.11113516888794739
20,coherent,70.0,0.9999999999999998,0.7030708699555657,1.348462741814331,1.238706043666141,0.10975669814818989
20,coherent,75.0,0.9999999999999999,0.7030708699555657,1.3370238048901164,1.2287753574973783,0.10824844739273809
20,coherent,80.0,0.9999999999999999,0.7030708699555657,1.324531658303679,1.2179285201208512,0.10660313818282785
20,coherent,85.0,0.9999999999999998,0.7030708699555657,1.310918446548589,1.206106024782958,0.10481242176563099
20,coherent,90.0,0.9999999999999999,0.7030708699555658,1.2961056549437067,1.1932389488017032,0.10286670614200344
20,shuffled,0.0,0.9999999999999999,0.7030708699555657,0.5919987897778333,0.5648934588296189,0.027105330948214323
20,shuffled,5.0,0.9999999999999999,0.7030708699555658,0.5951632002712357,0.5678453736756109,0.02731782659562476
20,shuffled,10.0,0.9999999999999999,0.7030708699555657,0.5985424645491443,0.571001541440851,0.027540923108293258
20,shuffled,15.0,0.9999999999999999,0.7030708699555659,0.6068618369374665,0.5786249925987078,0.028236844338758726
20,shuffled,20.0,0.9999999999999998,0.7030708699555658,0.6168464908321865,0.5875919378699902,0.029254552962196256
20,shuffled,25.0,0.9999999999999999,0.7030708699555658,0.6166225615650627,0.5874561593005637,0.02916640226449896
20,shuffled,30.0,0.9999999999999999,0.7030708699555658,0.6231765750540749,0.5934862979287581,0.0296902771253168
20,shuffled,35.0,0.9999999999999999,0.7030708699555658,0.6269381165796534,0.5969481723805832,0.029989944199070195
20,shuffled,40.0,0.9999999999999998,0.7030708699555657,0.6307544365187664,0.6004597147096903,0.03029472180907611
20,shuffled,45.0,0.9999999999999999,0.7030708699555657,0.63481327789228,0.6041959480915674,0.030617329800712634
20,shuffled,50.0,0.9999999999999998,0.7030708699555658,0.6390247661103314,0.6080749478813983,0.030949818228933168
20,shuffled,55.0,0.9999999999999998,0.7030708699555657,0.6430203322030691,0.6117526008397038,0.03126773136336525
20,shuffled,60.0,0.9999999999999997,0.7030708699555657,0.6462893192067175,0.614756084702577,0.03153323450414047
20,shuffled,65.0,0.9999999999999999,0.7030708699555657,0.6484059199964681,0.6166894926600489,0.03171642733641922
20,shuffled,70.0,0.9999999999999999,0.7030708699555658,0.649139215461343,0.6173389242032905,0.031800291258052504
20,shuffled,75.0,0.9999999999999999,0.7030708699555659,0.6476087172790865,0.615914576949467,0.03169414032961948
20,shuffled,80.0,0.9999999999999998,0.7030708699555657,0.6410607843804537,0.6099929980568979,0.03106778632355578
20,shuffled,85.0,0.9999999999999998,0.7030708699555658,0.630297379729873,0.6003571188013131,0.029940260928559836
20,shuffled,90.0,0.9999999999999998,0.7030708699555659,0.6221639294587206,0.593101946523518,0.029061982935202568
20,separated,0.0,0.9999999999999998,0.7030027556341679,1.2512626903792268,1.1933177398964891,0.05794495048273762
20,separated,5.0,0.9999999999999998,0.703002755634168,1.2512626903790205,1.1933177398962904,0.05794495048273007
20,separated,10.0,0.9999999999999998,0.7030027556341679,1.2512626903784045,1.1933177398956956,0.05794495048270898
20,separated,15.0,0.9999999999999998,0.7030027556341679,1.2512626903773827,1.193317739894709,0.057944950482673674
20,separated,20.0,0.9999999999999998,0.7030027556341679,1.2512626903759623,1.1933177398933377,0.0579449504826246
20,separated,25.0,0.9999999999999998,0.7030027556341679,1.2512626903741542,1.193317739891592,0.05794495048256221
20,separated,30.0,0.9999999999999998,0.7030027556341679,1.2512626903719717,1.1933177398894848,0.057944950482486934
20,separated,35.0,0.9999999999999998,0.7030027556341679,1.2512626903694304,1.193317739887031,0.05794495048239945
20,separated,40.0,0.9999999999999998,0.703002755634168,1.251262690366549,1.1933177398842494,0.05794495048229953
20,separated,45.0,0.9999999999999998,0.703002755634168,1.251262690363349,1.19331773988116,0.05794495048218895
20,separated,50.0,0.9999999999999998,0.7030027556341679,1.251262690359854,1.1933177398777854,0.0579449504820686
20,separated,55.0,0.9999999999999998,0.7030027556341679,1.2512626903560897,1.1933177398741512,0.057944950481938484
20,separated,60.0,0.9999999999999998,0.7030027556341679,1.2512626903520836,1.1933177398702834,0.05794495048180015
20,separated,65.0,0.9999999999999998,0.7030027556341679,1.2512626903478652,1.1933177398662107,0.05794495048165449
20,separated,70.0,0.9999999999999998,0.703002755634168,1.2512626903434658,1.193317739861963,0.05794495048150283
20,separated,75.0,0.9999999999999998,0.7030027556341679,1.2512626903389183,1.1933177398575727,0.057944950481345625
20,separated,80.0,0.9999999999999998,0.703002755634168,1.2512626903342554,1.1933177398530703,0.05794495048118509
20,separated,85.0,0.9999999999999998,0.703002755634168,1.2512626903295125,1.193317739848491,0.05794495048102144
20,separated,90.0,0.9999999999999998,0.7030027556341679,1.2512626903247248,1.1933177398438688,0.05794495048085602
21,coherent,0.0,1.0000000000000002,0.7031705083944312,1.4201830638294843,1.3008986569991117,0.11928440683037267
21,coherent,5.0,1.0000000000000002,0.7031705083944313,1.4198389386197048,1.3006002039174567,0.1192387347022481
21,coherent,10.0,1.0000000000000002,0.7031705083944314,1.4188053243427718,1.2997037633361677,0.11910156100660418
21,coherent,15.0,1.0000000000000002,0.7031705083944312,1.417078488668031,1.2982060768818533,0.11887241178617769
21,coherent,20.0,1.0000000000000002,0.7031705083944313,1.4146521559565253,1.2961016656407238,0.11855049031580145
21,coherent,25.0,1.0000000000000002,0.7031705083944313,1.4115174229908696,1.2933827562657911,0.11813466672507844
21,coherent,30.0,1.0000000000000002,0.7031705083944313,1.4076626376374255,1.2900391745407531,0.11762346309667238
21,coherent,35.0,1.0000000000000002,0.7031705083944312,1.403073236881161,1.2860582032335746,0.11701503364758636
21,coherent,40.0,1.0000000000000002,0.7031705083944312,1.397731539353723,1.2814243998938197,0.11630713945990334
21,coherent,45.0,1.0000000000000002,0.7031705083944314,1.3916164858964235,1.2761193688339232,0.11549711706250032
21,coherent,50.0,1.0000000000000002,0.7031705083944313,1.3847033197645682,1.270121479796718,0.11458183996785021
21,coherent,55.0,1.0,0.7031705083944313,1.3769631956597574,1.2634055236321327,0.11355767202762479
21,coherent,60.0,1.0000000000000002,0.7031705083944312,1.368362703700303,1.2559422925266237,0.11242041117367929
21,coherent,65.0,1.0000000000000002,0.7031705083944314,1.3588632904714157,1.2476980687321162,0.11116522173929955
21,coherent,70.0,1.0000000000000002,0.7031705083944312,1.348420554110046,1.238634001024198,0.10978655308584795
21,coherent,75.0,1.0000000000000002,0.7031705083944314,1.336983383514718,1.2287053418540403,0.10827804166067767
21,coherent,80.0,1.0000000000000002,0.7031705083944314,1.324492902573043,1.2178605097315498,0.10663239284149317
21,coherent,85.0,1.0000000000000002,0.7031705083944312,1.3108811678197285,1.2060399298960802,0.1048412379236483
21,coherent,90.0,1.0,0.7031705083944312,1.2960695507814355,1.1931745904777133,0.10289496030372214
21,shuffled,0.0,1.0,0.7031705083944312,0.6502988050912896,0.6175129453672232,0.032785859724066335
21,shuffled,5.0,1.0000000000000002,0.7031705083944313,0.6537695620958319,0.6207490219010566,0.033020540194775294
21,shuffled,10.0,1.0000000000000002,0.7031705083944314,0.6569430599627638,0.6236908586522951,0.03325220131046869
21,shuffled,15.0,1.0000000000000002,0.7031705083944313,0.6553822489056275,0.622324544639104,0.033057704266523436
21,shuffled,20.0,1.0000000000000002,0.7031705083944313,0.6629208834162743,0.6293018922230338,0.03361899119324052
21,shuffled,25.0,1.0,0.7031705083944313,0.6697452876595145,0.6354754954421262,0.03426979221738824
21,shuffled,30.0,1.0000000000000002,0.7031705083944314,0.6705636575620771,0.6362994819536247,0.03426417560845241
21,shuffled,35.0,1.0000000000000002,0.7031705083944312,0.6701800913081243,0.6361325111783911,0.03404758012973319
21,shuffled,40.0,1.0,0.7031705083944314,0.6655512665176356,0.6322475080468724,0.03330375847076328
21,shuffled,45.0,1.0000000000000002,0.7031705083944313,0.6577750266967485,0.6254835614523857,0.03229146524436277
21,shuffled,50.0,1.0000000000000002,0.7031705083944313,0.6532038145627272,0.6215589806545079,0.03164483390821937
21,shuffled,55.0,1.0000000000000002,0.7031705083944312,0.6493188556739857,0.6182000783793448,0.031118777294640965
21,shuffled,60.0,1.0000000000000002,0.7031705083944314,0.6457940799410081,0.6151211056836301,0.030672974257378027
21,shuffled,65.0,1.0,0.7031705083944313,0.6429694401701829,0.6126265130313453,0.030342927138837572
21,shuffled,70.0,1.0000000000000002,0.7031705083944313,0.6338135480417367,0.6045880237346928,0.02922552430704395
21,shuffled,75.0,1.0000000000000002,0.7031705083944312,0.625062246916102,0.5965885244547986,0.02847372246130342
21,shuffled,80.0,1.0000000000000002,0.7031705083944312,0.6245459763856673,0.596204397488635,0.02834157889703237
21,shuffled,85.0,1.0,0.7031705083944312,0.617857512960595,0.5901259428083959,0.02773157015219907
21,shuffled,90.0,1.0000000000000002,0.7031705083944314,0.6064829165545232,0.5798427609535006,0.02664015560102262
21,separated,0.0,1.0,0.7029541094369633,1.251330213774251,1.193391109734585,0.057939104039665956
21,separated,5.0,1.0,0.7029541094369633,1.251330213774045,1.1933911097343863,0.05793910403965863
21,separated,10.0,1.0,0.7029541094369633,1.251330213773429,1.1933911097337913,0.05793910403963776
21,separated,15.0,1.0,0.7029541094369633,1.2513302137724072,1.1933911097328047,0.05793910403960245
21,separated,20.0,1.0,0.7029541094369633,1.2513302137709867,1.1933911097314336,0.05793910403955316
21,separated,25.0,1.0,0.7029541094369633,1.251330213769179,1.193391109729688,0.057939104039490985
21,separated,30.0,1.0,0.7029541094369633,1.2513302137669968,1.1933911097275813,0.05793910403941549
21,separated,35.0,1.0,0.7029541094369633,1.2513302137644557,1.1933911097251277,0.057939104039328004
21,separated,40.0,1.0,0.7029541094369633,1.2513302137615752,1.1933911097223466,0.05793910403922853
21,separated,45.0,1.0,0.7029541094369633,1.2513302137583755,1.1933911097192575,0.05793910403911795
21,separated,50.0,1.0,0.7029541094369633,1.2513302137548807,1.1933911097158836,0.05793910403899716
21,separated,55.0,1.0,0.7029541094369633,1.251330213751117,1.1933911097122496,0.057939104038867484
21,separated,60.0,1.0,0.7029541094369633,1.2513302137471114,1.1933911097083822,0.05793910403872915
21,separated,65.0,1.0,0.7029541094369633,1.2513302137428937,1.1933911097043102,0.05793910403858349
21,separated,70.0,1.0,0.7029541094369633,1.2513302137384947,1.1933911097000631,0.05793910403843161
21,separated,75.0,1.0,0.7029541094369633,1.2513302137339477,1.1933911096956726,0.05793910403827507
21,separated,80.0,1.0,0.7029541094369633,1.2513302137292854,1.193391109691172,0.05793910403811342
21,separated,85.0,1.0,0.7029541094369633,1.2513302137245432,1.1933911096865932,0.057939104037949996
21,separated,90.0,1.0,0.7029541094369633,1.2513302137197562,1.1933911096819714,0.057939104037784794
22,coherent,0.0,1.0000000000000002,0.7031696105497512,1.4202925975881362,1.3010441509893627,0.11924844659877354
22,coherent,5.0,1.0000000000000002,0.7031696105497512,1.41994821329557,1.3007454712724769,0.11920274202309322
22,coherent,10.0,1.0000000000000002,0.7031696105497512,1.4189138205123846,1.2998483495307476,0.119065470981637
22,coherent,15.0,1.0000000000000002,0.7031696105497511,1.4171856831726253,1.2983495236547493,0.11883615951787596
22,coherent,20.0,1.0,0.703169610549751,1.4147575195431146,1.2962435086007915,0.11851401094232306
22,coherent,25.0,1.0000000000000002,0.703169610549751,1.411620418162181,1.2935225226532288,0.11809789550895222
22,coherent,30.0,1.0000000000000002,0.703169610549751,1.4077627168188465,1.2901763812258875,0.11758633559295895
22,coherent,35.0,1.0000000000000002,0.7031696105497512,1.4031698410391678,1.2861923550574912,0.11697748598167657
22,coherent,40.0,1.0,0.7031696105497512,1.3978240972366727,1.2815549884855086,0.11626910875116403
22,coherent,45.0,1.0,0.703169610549751,1.3917044141171122,1.276245872079244,0.1154585420378682
22,coherent,50.0,1.0000000000000002,0.703169610549751,1.3847860240073286,1.2702433621878082,0.11454266181952044
22,coherent,55.0,1.0,0.7031696105497512,1.377040073376547,1.2635222377949744,0.11351783558157269
22,coherent,60.0,1.0,0.703169610549751,1.368433148764516,1.2560532823132302,0.11237986645128584
22,coherent,65.0,1.0,0.7031696105497512,1.358926700390538,1.2478027743771605,0.11112392601337762
22,coherent,70.0,1.0,0.7031696105497512,1.348476340565422,1.2387318670101095,0.10974447355531258
22,coherent,75.0,1.0000000000000002,0.703169610549751,1.3370309872069452,1.2287958283114213,0.10823515889552393
22,coherent,80.0,1.0000000000000002,0.703169610549751,1.3245318136151845,1.2179431084331167,0.10658870518206776
22,coherent,85.0,1.0000000000000002,0.703169610549751,1.3109109532504648,1.2061141861948788,0.10479676705558605
22,coherent,90.0,1.0000000000000002,0.703169610549751,1.29608989118249,1.1932401329102416,0.10284975827224851
22,shuffled,0.0,1.0,0.7031696105497512,0.5159843148639862,0.4963699133848518,0.019614401479134402
22,shuffled,5.0,1.0000000000000002,0.7031696105497512,0.5170533114781013,0.4972071334268608,0.019846178051240504
22,shuffled,10.0,1.0000000000000002,0.7031696105497512,0.529064380941429,0.5078757374736224,0.02118864346780669
22,shuffled,15.0,1.0000000000000002,0.7031696105497512,0.5182665664641327,0.4978421173411448,0.02042444912298791
22,shuffled,20.0,1.0000000000000002,0.7031696105497511,0.5130833910128514,0.49289588383850624,0.020187507174345143
22,shuffled,25.0,1.0000000000000002,0.7031696105497514,0.5084350170382724,0.48847369547030756,0.019961321567964874
22,shuffled,30.0,1.0000000000000002,0.703169610549751,0.5051612300164537,0.4853452937113926,0.01981593630506112
22,shuffled,35.0,1.0,0.7031696105497511,0.5035498818582508,0.48376354596677534,0.019786335891475437
22,shuffled,40.0,1.0000000000000002,0.7031696105497512,0.5058469491265564,0.48582912439773024,0.020017824728826128
22,shuffled,45.0,1.0000000000000002,0.7031696105497512,0.5131491134210069,0.4925222901193955,0.020626823301611363
22,shuffled,50.0,1.0,0.7031696105497512,0.5208404010590104,0.4995457071401823,0.0212946939188281
22,shuffled,55.0,1.0000000000000002,0.703169610549751,0.5282580733187875,0.5062788924436816,0.021979180875105864
22,shuffled,60.0,1.0000000000000002,0.7031696105497514,0.5341879057507354,0.5116127653458733,0.022575140404862082
22,shuffled,65.0,1.0000000000000002,0.7031696105497512,0.5346589296153741,0.5119906253473414,0.02266830426803268
22,shuffled,70.0,1.0000000000000002,0.7031696105497514,0.5336898453704266,0.511077522445414,0.022612322925012585
22,shuffled,75.0,1.0000000000000002,0.703169610549751,0.5371668556276659,0.5142348231645367,0.022932032463129137
22,shuffled,80.0,1.0000000000000002,0.7031696105497511,0.547281699387841,0.523519948184127,0.023761751203714043
22,shuffled,85.0,1.0000000000000002,0.7031696105497512,0.554228843883159,0.5297384002967329,0.024490443586426047
22,shuffled,90.0,1.0000000000000002,0.703169610549751,0.571445662124297,0.5452861888918071,0.026159473232489905
22,separated,0.0,1.0,0.7031311229194286,1.251217446294769,1.1932736952902905,0.05794375100447846
22,separated,5.0,1.0,0.7031311229194286,1.2512174462945633,1.1932736952900918,0.05794375100447158
22,separated,10.0,1.0,0.7031311229194286,1.2512174462939474,1.1932736952894971,0.05794375100445026
22,separated,15.0,1.0,0.7031311229194286,1.2512174462929255,1.1932736952885106,0.057943751004414956
22,separated,20.0,1.0,0.7031311229194286,1.2512174462915062,1.1932736952871401,0.057943751004366106
22,separated,25.0,1.0,0.7031311229194286,1.2512174462896986,1.193273695285395,0.05794375100430349
22,separated,30.0,1.0,0.7031311229194286,1.251217446287517,1.1932736952832887,0.05794375100422822
22,separated,35.0,1.0,0.7031311229194286,1.2512174462849768,1.1932736952808363,0.05794375100414051
22,separated,40.0,1.0,0.7031311229194286,1.2512174462820969,1.1932736952780556,0.057943751004041255
22,separated,45.0,1.0,0.7031311229194286,1.2512174462788983,1.1932736952749674,0.0579437510039309
22,separated,50.0,1.0,0.7031311229194286,1.2512174462754047,1.1932736952715945,0.05794375100381011
22,separated,55.0,1.0,0.7031311229194286,1.2512174462716423,1.1932736952679617,0.057943751003680655
22,separated,60.0,1.0,0.7031311229194286,1.2512174462676378,1.1932736952640954,0.05794375100354232
22,separated,65.0,1.0,0.7031311229194286,1.251217446263421,1.1932736952600245,0.05794375100339644
22,separated,70.0,1.0,0.7031311229194286,1.2512174462590235,1.1932736952557788,0.05794375100324478
22,separated,75.0,1.0,0.7031311229194286,1.2512174462544776,1.1932736952513898,0.057943751003087796
22,separated,80.0,1.0,0.7031311229194286,1.2512174462498171,1.19327369524689,0.057943751002927035
22,separated,85.0,1.0,0.7031311229194286,1.251217446245076,1.1932736952423133,0.05794375100276272
22,separated,90.0,1.0,0.7031311229194286,1.25121744624029,1.1932736952376921,0.057943751002597965
23,coherent,0.0,1.0,0.7031594216166174,1.4202746239847657,1.3009785827098301,0.11929604127493554
23,coherent,5.0,0.9999999999999998,0.7031594216166173,1.4199304815643345,1.3006801163979944,0.11925036516634013
23,coherent,10.0,0.9999999999999999,0.7031594216166173,1.4188968151964216,1.2997836357459807,0.11911317945044098
23,coherent,15.0,0.9999999999999999,0.7031594216166173,1.4171698911791102,1.2982858812451608,0.11888400993394943
23,coherent,20.0,1.0,0.7031594216166173,1.4147434316080931,1.2961813721080688,0.1185620595000243
23,coherent,25.0,0.9999999999999998,0.7031594216166174,1.4116085301391923,1.2934623324055594,0.11814619773363289
23,coherent,30.0,1.0,0.7031594216166173,1.4077535307013285,1.2901185846774421,0.11763494602388636
23,coherent,35.0,1.0,0.7031594216166173,1.4031638656053442,1.2861374078544432,0.11702645775090104
23,coherent,40.0,0.9999999999999999,0.7031594216166174,1.397821848175603,1.2815033551518191,0.11631849302378394
23,coherent,45.0,1.0,0.7031594216166175,1.391706413453447,1.2761980261822732,0.11550838727117374
23,coherent,50.0,1.0,0.7031594216166172,1.3847927985867352,1.2701997857988088,0.11459301278792644
23,coherent,55.0,0.9999999999999998,0.7031594216166173,1.37705215209902,1.2634834199987075,0.11356873210031249
23,coherent,60.0,1.0,0.7031594216166174,1.3684510581522864,1.256019716438709,0.11243134171357738
23,coherent,65.0,1.0,0.7031594216166174,1.3589509579415553,1.2477749535098743,0.11117600443168096
23,coherent,70.0,1.0,0.7031594216166174,1.3485074451588919,1.2387102771933898,0.1097971679655021
23,coherent,75.0,1.0,0.7031594216166174,1.3370694055744818,1.2287809386339905,0.10828846694049132
23,coherent,80.0,0.9999999999999999,0.7031594216166174,1.324577961540639,1.2179353569060498,0.10664260463458919
23,coherent,85.0,0.9999999999999998,0.7031594216166174,1.310965169669979,1.2061139599063415,0.10485120976363738
23,coherent,90.0,1.0,0.7031594216166174,1.2961524026577689,1.1932477403524635,0.10290466230530537
23,shuffled,0.0,1.0,0.7031594216166174,0.6202582745757803,0.5931170152289822,0.02714125934679812
23,shuffled,5.0,0.9999999999999999,0.7031594216166174,0.6229654092273196,0.5955600247462377,0.027405384481081874
23,shuffled,10.0,1.0,0.7031594216166174,0.6254766547632997,0.5977840307710475,0.027692623992252252
23,shuffled,15.0,0.9999999999999999,0.7031594216166173,0.6287422965196827,0.6006427140838012,0.02809958243588151
23,shuffled,20.0,1.0,0.7031594216166174,0.6372521661861621,0.6081125917537077,0.029139574432454407
23,shuffled,25.0,1.0,0.7031594216166174,0.6293192614619588,0.6011120604411615,0.028207201020797323
23,shuffled,30.0,0.9999999999999999,0.7031594216166174,0.626248441639005,0.598409094154656,0.02783934748434891
23,shuffled,35.0,0.9999999999999999,0.7031594216166172,0.6276881065140802,0.5997682593326079,0.027919847181472335
23,shuffled,40.0,0.9999999999999998,0.7031594216166173,0.6301710170554093,0.6020575971348809,0.028113419920528404
23,shuffled,45.0,1.0,0.7031594216166174,0.6322691498667032,0.6039641673128276,0.02830498255387559
23,shuffled,50.0,1.0,0.7031594216166174,0.6321117534566018,0.6037548350605726,0.028356918396029163
23,shuffled,55.0,1.0,0.7031594216166174,0.6322284895702417,0.603804149704973,0.02842433986526871
23,shuffled,60.0,1.0,0.7031594216166172,0.6314676160232648,0.603010590138226,0.028457025885038845
23,shuffled,65.0,1.0,0.7031594216166173,0.6235834832795755,0.5957776712167359,0.027805812062839608
23,shuffled,70.0,1.0,0.7031594216166174,0.6208425796917271,0.593137349031125,0.027705230660602043
23,shuffled,75.0,0.9999999999999999,0.7031594216166174,0.6173697309720919,0.5897991782266764,0.027570552745415533
23,shuffled,80.0,0.9999999999999999,0.7031594216166172,0.6148387004925845,0.5873504601960235,0.02748824029656094
23,shuffled,85.0,0.9999999999999999,0.7031594216166174,0.6110295927709242,0.5837793425305592,0.02725025024036498
23,shuffled,90.0,0.9999999999999999,0.7031594216166172,0.6012524283888279,0.5748548250862886,0.026397603302539263
23,separated,0.0,1.0,0.7031368232516291,1.2512281895499116,1.1932848836420298,0.05794330590788177
23,separated,5.0,0.9999999999999999,0.7031368232516291,1.2512281895497057,1.1932848836418308,0.05794330590787489
23,separated,10.0,1.0,0.7031368232516291,1.2512281895490898,1.1932848836412362,0.05794330590785357
23,separated,15.0,1.0,0.7031368232516291,1.251228189548068,1.1932848836402496,0.057943305907818266
23,separated,20.0,1.0,0.7031368232516291,1.251228189546648,1.1932848836388787,0.057943305907769194
23,separated,25.0,0.9999999999999999,0.7031368232516291,1.2512281895448407,1.1932848836371337,0.05794330590770702
23,separated,30.0,1.0,0.7031368232516291,1.2512281895426585,1.193284883635027,0.057943305907631526
23,separated,35.0,0.9999999999999999,0.7031368232516291,1.251228189540118,1.1932848836325742,0.05794330590754382
23,separated,40.0,1.0,0.7031368232516291,1.2512281895372377,1.1932848836297936,0.05794330590744412
23,separated,45.0,0.9999999999999999,0.7031368232516291,1.251228189534039,1.1932848836267047,0.05794330590733421
23,separated,50.0,1.0,0.7031368232516291,1.2512281895305448,1.1932848836233316,0.057943305907213194
23,separated,55.0,1.0,0.7031368232516291,1.2512281895267816,1.193284883619698,0.05794330590708352
23,separated,60.0,1.0,0.7031368232516291,1.2512281895227766,1.1932848836158314,0.057943305906945186
23,separated,65.0,0.9999999999999999,0.7031368232516291,1.2512281895185595,1.1932848836117602,0.0579433059067993
23,separated,70.0,0.9999999999999999,0.7031368232516291,1.2512281895141617,1.1932848836075138,0.05794330590664787
23,separated,75.0,1.0,0.7031368232516291,1.2512281895096153,1.1932848836031245,0.05794330590649088
23,separated,80.0,1.0,0.7031368232516291,1.251228189504954,1.1932848835986238,0.05794330590633012
23,separated,85.0,0.9999999999999999,0.7031368232516291,1.2512281895002124,1.1932848835940466,0.05794330590616581
23,separated,90.0,1.0,0.7031368232516291,1.251228189495426,1.1932848835894252,0.05794330590600083
